date,close,open,high,low,volume,change
2023-01-25,4647.0,4631.0,4650.0,4593.0,73270.0,-1.39
2023-01-24,4712.5,4622.0,4637.0,4588.0,69960.0,1.91
2023-01-23,4624.0,4638.0,4667.0,4586.0,72120.0,-0.26
2023-01-20,4636.0,4652.0,4664.0,4572.0,77690.0,-0.32
2023-01-19,4651.0,4663.0,4753.0,4554.0,103080.0,-0.3
2023-01-18,4665.0,4703.0,4808.0,4661.0,110050.0,-0.81
2023-01-17,4703.0,4808.0,4829.0,4675.0,109150.0,-2.16
2023-01-16,4807.0,4814.0,4849.0,4740.0,66670.0,-0.1
2023-01-13,4812.0,4855.0,4867.0,4768.0,98460.0,-2.27
2023-01-12,4924.0,4847.0,4870.0,4783.0,96490.0,0.53
2023-01-11,4898.0,4838.0,4857.0,4768.0,88490.0,0.19
2023-01-10,4888.5,4813.0,4849.0,4764.0,95400.0,0.26
2023-01-09,4876.0,4730.0,4830.0,4726.0,88080.0,0.85
2023-01-06,4835.0,4710.0,4773.0,4675.0,95400.0,1.25
2023-01-05,4775.5,4741.0,4759.0,4674.0,82330.0,-0.69
2023-01-04,4808.5,4704.0,4753.0,4687.0,91230.0,2.2
2023-01-03,4705.0,4757.0,4766.0,4683.0,95640.0,-1.09
2023-01-02,4757.0,4756.0,4775.0,4733.0,21560.0,-0.36
2022-12-30,4774.0,4753.0,4779.0,4733.0,72030.0,0.44
2022-12-29,4753.0,4727.0,4766.0,4721.0,60270.0,0.53
2022-12-28,4728.0,4733.0,4756.0,4713.0,56520.0,-0.08
2022-12-27,4732.0,4727.0,4746.0,4635.0,68890.0,0.13
2022-12-26,4726.0,4705.0,4727.0,4700.0,17940.0,0.4
2022-12-23,4707.0,4693.0,4715.0,4683.0,94870.0,0.3
2022-12-22,4693.0,4693.0,4718.0,4680.0,97830.0,0.02
2022-12-21,4692.0,4687.0,4710.0,4679.0,87340.0,0.13
2022-12-20,4686.0,4674.0,4706.0,4661.0,131240.0,0.26
2022-12-19,4674.0,4667.0,4697.0,4650.0,92330.0,0.21
2022-12-16,4664.0,4681.0,4698.0,4659.0,98050.0,-0.36
2022-12-15,4681.0,4695.0,4729.0,4661.0,97240.0,-0.32
2022-12-14,4696.0,4676.0,4701.0,4664.0,94280.0,0.43
2022-12-13,4676.0,4624.0,4695.0,4591.0,77510.0,1.1
2022-12-12,4625.0,4621.0,4644.0,4605.0,73410.0,0.04
2022-12-09,4623.0,4598.0,4642.0,4585.0,82790.0,0.57
2022-12-08,4597.0,4596.0,4625.0,4589.0,90880.0,0.02
2022-12-07,4596.0,4569.0,4615.0,4557.0,103240.0,0.57
2022-12-06,4570.0,4580.0,4597.0,4551.0,85040.0,-0.24
2022-12-05,4581.0,4584.0,4623.0,4572.0,91880.0,-0.28
2022-12-02,4594.0,4587.0,4596.0,4536.0,83240.0,0.15
2022-12-01,4587.0,4524.0,4591.0,4517.0,109320.0,1.39
2022-11-30,4524.0,4492.0,4536.0,4473.0,93170.0,0.71
2022-11-29,4492.0,4499.0,4523.0,4478.0,76210.0,-0.16
2022-11-28,4499.0,4482.0,4550.0,4376.0,79070.0,0.25
2022-11-25,4488.0,4504.0,4513.0,4393.0,71220.0,-0.36
2022-11-24,4504.0,4489.0,4513.0,4390.0,69600.0,0.33
2022-11-23,4489.0,4446.0,4492.0,4350.0,75550.0,0.97
2022-11-22,4446.0,4407.0,4448.0,4323.0,80220.0,0.88
2022-11-21,4407.0,4442.0,4444.0,4359.0,82830.0,-0.65
2022-11-18,4436.0,4448.0,4467.0,4374.0,96160.0,-0.27
2022-11-17,4448.0,4458.0,4468.0,4387.0,99510.0,-0.22
2022-11-16,4458.0,4437.0,4480.0,4367.0,104400.0,0.43
2022-11-15,4439.0,4427.0,4496.0,4358.0,105580.0,0.25
2022-11-14,4428.0,4437.0,4442.0,4354.0,104030.0,-0.07
2022-11-11,4431.0,4355.0,4436.0,4301.0,114930.0,1.72
2022-11-10,4356.0,4284.0,4373.0,4225.0,129860.00000000001,1.68
2022-11-09,4284.0,4293.0,4316.0,4248.0,118190.0,-0.21
2022-11-08,4293.0,4267.0,4310.0,4228.0,101800.0,0.63
2022-11-07,4266.0,4211.0,4284.0,4187.0,95190.0,0.31
2022-11-04,4253.0,4153.0,4255.0,4115.0,86810.0,2.38
2022-11-03,4154.0,4182.0,4191.0,4141.0,77010.0,-0.67
2022-11-02,4182.0,4201.0,4243.0,4168.0,78270.0,-0.45
2022-11-01,4201.0,4204.0,4235.0,4173.0,72040.0,-0.1
2022-10-31,4205.0,4227.0,4238.0,4194.0,75900.0,-0.71
2022-10-28,4235.0,4232.0,4246.0,4201.0,77330.0,0.09
2022-10-27,4231.0,4269.0,4280.0,4224.0,111980.0,-1.65
2022-10-26,4302.0,4227.0,4281.0,4203.0,85390.0,1.77
2022-10-25,4227.0,4154.0,4232.0,4154.0,75050.0,1.73
2022-10-24,4155.0,4150.0,4198.0,4137.0,91670.0,-1.11
2022-10-21,4201.5,4141.0,4180.0,4109.0,93710.0,0.65
2022-10-20,4174.5,4141.0,4167.0,4106.0,93650.0,0.07
2022-10-19,4171.5,4157.0,4165.0,4102.0,89780.0,-0.64
2022-10-18,4198.5,4153.0,4167.0,4133.0,100040.0,0.13
2022-10-17,4193.0,4113.0,4160.0,4087.0,89020.0,1.13
2022-10-14,4146.0,4108.0,4145.0,4071.0,109640.0,-0.25
2022-10-13,4156.5,4086.0,4132.0,4061.0,96380.0,0.63
2022-10-12,4130.5,4089.0,4101.0,4055.0,94270.0,-0.01
2022-10-11,4131.0,4076.0,4114.0,4056.0,127900.0,0.16
2022-10-10,4124.5,4073.0,4097.0,4048.0,97740.0,-0.4
2022-10-07,4141.0,4109.0,4123.0,4070.0,79530.0,-0.47
2022-10-06,4160.5,4145.0,4166.0,4097.0,90190.0,-0.91
2022-10-05,4198.5,4191.0,4195.0,4116.0,89740.0,-1.04
2022-10-04,4242.5,4061.0,4198.0,4055.0,87140.0,4.5
2022-10-03,4060.0,4108.0,4134.0,4037.0,98270.0,-2.44
2022-09-30,4161.5,4076.0,4128.0,3963.0,95100.0,0.3
2022-09-29,4149.0,4041.0,4090.0,4000.0,97310.0,0.84
2022-09-28,4114.5,4000.0,4048.0,3945.0,105490.0,1.27
2022-09-27,4063.0,3997.0,4025.0,3960.0,105190.0,-0.05
2022-09-26,4065.0,4002.0,4036.0,3971.0,110360.0,-0.78
2022-09-23,4097.0,4087.0,4093.0,3991.0,91930.0,-1.44
2022-09-22,4157.0,4070.0,4102.0,4034.0,104640.0,0.17
2022-09-21,4150.0,4125.0,4127.0,4043.0,88500.0,-1.33
2022-09-20,4206.0,4131.0,4154.0,4080.0,73990.0,-0.36
2022-09-19,4221.0,4136.0,4145.0,4084.0,64180.00000000001,-0.02
2022-09-16,4222.0,4130.0,4144.0,4078.0,74010.0,0.14
2022-09-15,4216.0,4121.0,4137.0,4092.0,70250.0,0.19
2022-09-14,4208.0,4120.0,4139.0,4099.0,88510.0,0.11
2022-09-13,4203.5,4179.0,4209.0,4088.0,78720.0,-1.45
2022-09-12,4265.5,4145.0,4201.0,4137.0,63020.0,1.03
2022-09-09,4222.0,4129.0,4164.0,4104.0,77490.0,0.19
2022-09-08,4214.0,4113.0,4142.0,4070.0,87420.0,0.14
2022-09-07,4208.0,4082.0,4126.0,4049.0,83370.0,0.89
2022-09-06,4171.0,4092.0,4116.0,4036.0,102050.0,-0.24
2022-09-05,4181.0,4091.0,4099.0,4050.0,67600.0,-0.13
2022-09-02,4186.5,4090.0,4126.0,4065.0,69720.0,0.07
2022-09-01,4183.5,4134.0,4135.0,4057.0,86950.0,-1.12
2022-08-31,4231.0,4116.0,4145.0,4089.0,88200.0,0.46
2022-08-30,4211.5,4111.0,4133.0,4098.0,91250.0,0.14
2022-08-29,4205.5,4103.0,4125.0,4072.0,60280.0,0.38
2022-08-26,4189.5,4103.0,4147.0,4069.0,62000.0,-0.17
2022-08-25,4196.5,4102.0,4130.0,4066.0,83610.0,0.05
2022-08-24,4194.5,4102.0,4116.0,4057.0,68680.0,0.0
2022-08-23,4194.5,4078.0,4122.0,4061.0,83020.0,2.86
2022-08-22,4078.0,4126.0,4129.0,4071.0,87990.0,-1.5
2022-08-19,4140.0,4146.0,4176.0,4097.0,77300.0,-2.43
2022-08-18,4243.0,4171.0,4228.0,4121.0,78920.0,1.73
2022-08-17,4171.0,4181.0,4188.0,4150.0,92090.0,-0.26
2022-08-16,4182.0,4135.0,4187.0,4132.0,63600.0,0.25
2022-08-15,4171.5,4204.0,4206.0,4133.0,65010.00000000001,-0.73
2022-08-12,4202.0,4244.0,4250.0,4162.0,80520.0,-3.21
2022-08-11,4341.5,4237.0,4265.0,4179.0,85660.0,0.2
2022-08-10,4333.0,4203.0,4284.0,4184.0,89590.0,0.83
2022-08-09,4297.5,4191.0,4239.0,4171.0,81640.0,0.22
2022-08-08,4288.0,4178.0,4223.0,4155.0,68390.0,0.0
2022-08-05,4288.0,4222.0,4225.0,4149.0,83700.0,-0.6
2022-08-04,4314.0,4182.0,4240.0,4163.0,80450.0,0.88
2022-08-03,4276.5,4182.0,4206.0,4153.0,80950.0,-0.02
2022-08-02,4277.5,4222.0,4236.0,4149.0,103210.0,-0.94
2022-08-01,4318.0,4184.0,4240.0,4179.0,85200.0,0.37
2022-07-29,4302.0,4206.0,4230.0,4156.0,83000.0,0.16
2022-07-28,4295.0,4208.0,4223.0,4140.0,107560.0,-0.1
2022-07-27,4299.5,4173.0,4217.0,4144.0,76910.0,0.89
2022-07-26,4261.5,4211.0,4225.0,4141.0,80080.0,-0.99
2022-07-25,4304.0,4201.0,4226.0,4183.0,78050.0,0.05
2022-07-22,4302.0,4204.0,4230.0,4167.0,73780.0,0.0
2022-07-21,4302.0,4193.0,4224.0,4156.0,106350.0,0.39
2022-07-20,4285.5,4217.0,4238.0,4150.0,93940.0,-0.51
2022-07-19,4307.5,4144.0,4233.0,4133.0,80800.0,3.92
2022-07-18,4145.0,4150.0,4186.0,4120.0,75310.0,-2.34
2022-07-15,4244.5,4105.0,4154.0,4100.0,78060.0,3.4
2022-07-14,4105.0,4122.0,4124.0,4078.0,89590.0,-0.44
2022-07-13,4123.0,4104.0,4148.0,4084.0,83010.0,0.46
2022-07-12,4104.0,4103.0,4119.0,4088.0,88800.0,0.02
2022-07-11,4103.0,4161.0,4165.0,4101.0,78100.0,-1.37
2022-07-08,4160.0,4151.0,4170.0,4115.0,91560.0,0.22
2022-07-07,4151.0,4153.0,4175.0,4143.0,87970.0,-0.05
2022-07-06,4153.0,4189.0,4193.0,4140.0,96980.0,-0.84
2022-07-05,4188.0,4236.0,4252.0,4170.0,86260.0,-1.16
2022-07-04,4237.0,4239.0,4258.0,4223.0,69870.0,-0.05
2022-07-01,4239.0,4239.0,4251.0,4210.0,68910.0,-0.02
2022-06-30,4240.0,4228.0,4251.0,4214.0,84920.0,0.28
2022-06-29,4228.0,4259.0,4275.0,4225.0,91480.0,-0.75
2022-06-28,4260.0,4276.0,4294.0,4253.0,94060.0,-0.37
2022-06-27,4276.0,4277.0,4297.0,4256.0,87520.0,-0.48
2022-06-24,4296.5,4257.0,4284.0,4251.0,89050.0,0.93
2022-06-23,4257.0,4250.0,4269.0,4216.0,112060.0,-0.8
2022-06-22,4291.5,4247.0,4280.0,4223.0,84980.0,0.22
2022-06-21,4282.0,4236.0,4270.0,4225.0,84570.0,0.21
2022-06-20,4273.0,4207.0,4249.0,4207.0,77600.0,0.32
2022-06-17,4259.5,4235.0,4239.0,4191.0,86090.0,-0.49
2022-06-16,4280.5,4188.0,4256.0,4167.0,139940.0,1.07
2022-06-15,4235.0,4181.0,4216.0,4153.0,105800.0,0.19
2022-06-14,4227.0,4172.0,4218.0,4166.0,87910.0,0.19
2022-06-13,4219.0,4207.0,4209.0,4168.0,76130.0,-1.04
2022-06-10,4263.5,4248.0,4265.0,4207.0,70550.0,-0.86
2022-06-09,4300.5,4292.0,4311.0,4236.0,80510.0,-0.97
2022-06-08,4342.5,4281.0,4304.0,4262.0,58030.0,0.18
2022-06-07,4334.5,4279.0,4287.0,4253.0,62910.0,0.05
2022-06-06,4332.5,4275.0,4303.0,4262.0,61720.0,-0.24
2022-06-03,4343.0,4292.0,4303.0,4272.0,38040.0,-0.17
2022-06-02,4350.5,4248.0,4295.0,4247.0,53930.0,0.99
2022-06-01,4308.0,4287.0,4289.0,4239.0,58410.0,-0.85
2022-05-31,4345.0,4300.0,4300.0,4259.0,73010.0,-0.34
2022-05-30,4360.0,4282.0,4304.0,4278.0,55270.0,0.47
2022-05-27,4339.5,4274.0,4289.0,4252.0,65310.0,0.08
2022-05-26,4336.0,4257.0,4276.0,4248.0,65400.00000000001,0.42
2022-05-25,4318.0,4274.0,4276.0,4239.0,74620.0,-0.45
2022-05-24,4337.5,4258.0,4279.0,4245.0,69750.0,0.38
2022-05-23,4321.0,4217.0,4265.0,4211.0,73010.0,1.21
2022-05-20,4269.5,4223.0,4226.0,4197.0,80230.0,-0.32
2022-05-19,4283.0,4176.0,4232.0,4168.0,80020.0,1.16
2022-05-18,4234.0,4208.0,4214.0,4172.0,80640.0,-0.76
2022-05-17,4266.5,4165.0,4215.0,4164.0,77690.0,1.07
2022-05-16,4221.5,4145.0,4172.0,4139.0,64170.0,0.3
2022-05-13,4209.0,4144.0,4160.0,4128.0,76720.0,0.21
2022-05-12,4200.0,4194.0,4199.0,4122.0,104650.0,0.14
2022-05-11,4194.0,4200.0,4219.0,4182.0,109000.0,-1.53
2022-05-10,4259.0,4209.0,4221.0,4199.0,72710.0,-0.22
2022-05-09,4268.5,4210.0,4225.0,4183.0,67720.0,0.01
2022-05-06,4268.0,4206.0,4226.0,4178.0,85100.0,1.47
2022-05-05,4206.0,4202.0,4244.0,4181.0,86550.0,-1.71
2022-05-04,4279.0,4190.0,4240.0,4186.0,65390.0,0.6
2022-05-03,4253.5,4188.0,4220.0,4185.0,69560.0,0.15
2022-05-02,4247.0,4210.0,4213.0,4179.0,50430.0,-0.38
2022-04-29,4263.0,4243.0,4282.5,4194.0,88220.0,0.44
2022-04-28,4244.5,4267.5,4273.5,4177.0,90120.0,-0.54
2022-04-27,4267.5,4298.0,4309.0,4206.5,90560.0,-0.7
2022-04-26,4297.5,4328.0,4344.5,4246.5,92030.0,-0.7
2022-04-25,4328.0,4342.5,4369.5,4269.5,98990.0,-0.81
2022-04-22,4363.5,4381.5,4388.0,4305.0,75490.0,-0.4
2022-04-21,4381.0,4386.5,4421.5,4327.0,86760.0,-0.15
2022-04-20,4387.5,4361.0,4396.0,4309.0,84850.0,0.61
2022-04-19,4361.0,4356.5,4372.5,4296.0,78670.0,0.13
2022-04-18,4355.5,4328.5,4377.0,4307.5,35340.0,-0.25
2022-04-15,4366.5,4378.5,4380.5,4319.0,41080.0,-0.3
2022-04-14,4379.5,4398.5,4417.5,4310.5,87740.0,-0.42
2022-04-13,4398.0,4378.0,4407.0,4311.0,75860.0,0.45
2022-04-12,4378.5,4399.0,4409.5,4321.0,55900.0,-0.48
2022-04-11,4399.5,4423.0,4430.0,4340.5,62020.0,-0.02
2022-04-08,4400.5,4399.5,4406.5,4327.0,57380.0,0.01
2022-04-07,4400.0,4404.5,4424.0,4334.5,64129.99999999999,-0.1
2022-04-06,4404.5,4408.5,4424.0,4337.5,58680.0,-0.09
2022-04-05,4408.5,4435.5,4442.0,4359.5,51430.0,-0.59
2022-04-04,4434.5,4404.5,4466.0,4364.0,71050.0,-0.71
2022-04-01,4466.0,4466.5,4473.5,4390.5,97400.0,-0.03
2022-03-31,4467.5,4502.5,4520.0,4403.5,77980.0,-0.78
2022-03-30,4502.5,4470.5,4516.0,4413.0,83370.0,0.72
2022-03-29,4470.5,4440.0,4501.5,4392.0,86030.0,0.68
2022-03-28,4440.5,4396.5,4448.5,4370.0,59210.0,-0.02
2022-03-25,4441.5,4442.5,4462.0,4377.0,55760.0,-0.03
2022-03-24,4443.0,4449.0,4454.5,4376.5,54830.0,-0.15
2022-03-23,4449.5,4455.0,4462.5,4375.5,63690.0,-0.12
2022-03-22,4455.0,4455.0,4466.5,4380.0,68360.0,0.02
2022-03-21,4454.0,4424.0,4475.5,4400.0,64920.0,-0.26
2022-03-18,4465.5,4478.0,4491.5,4397.5,59970.0,-0.28
2022-03-17,4478.0,4464.5,4503.0,4399.0,77810.0,0.34
2022-03-16,4463.0,4430.5,4468.5,4376.0,84320.0,0.76
2022-03-15,4429.5,4425.0,4460.5,4370.0,81520.0,0.09
2022-03-14,4425.5,4426.0,4447.0,4361.5,69610.0,0.27
2022-03-11,4413.5,4438.5,4467.5,4364.5,88140.0,-0.57
2022-03-10,4439.0,4484.5,4495.5,4388.5,89370.0,-1.03
2022-03-09,4485.0,4401.5,4492.5,4352.5,101150.0,1.92
2022-03-08,4400.5,4389.0,4427.5,4336.0,100740.0,0.26
2022-03-07,4389.0,4436.0,4436.0,4309.0,100290.0,-0.81
2022-03-04,4425.0,4422.0,4451.5,4335.5,84000.0,0.2
2022-03-03,4416.0,4434.5,4452.5,4399.0,79770.0,-0.16
2022-03-02,4423.0,4439.5,4458.5,4410.0,80140.0,-0.11
2022-03-01,4428.0,4476.0,4487.0,4413.0,89640.0,-0.83
2022-02-28,4465.0,4458.5,4494.5,4434.0,86870.0,-0.36
2022-02-25,4481.0,4464.0,4500.0,4442.5,79910.0,0.67
2022-02-24,4451.0,4508.0,4508.5,4427.0,104000.0,-0.87
2022-02-23,4490.0,4513.5,4526.5,4489.5,64900.00000000001,-0.13
2022-02-22,4496.0,4506.0,4533.5,4490.0,86190.0,0.2
2022-02-21,4487.0,4502.5,4537.5,4494.5,51590.0,-0.11
2022-02-18,4492.0,4524.5,4531.5,4442.0,64599.99999999999,-0.24
2022-02-17,4503.0,4528.5,4533.5,4499.0,81020.0,-0.09
2022-02-16,4507.0,4528.0,4539.0,4447.5,71380.0,-0.09
2022-02-15,4511.0,4509.0,4533.5,4498.5,74960.0,0.38
2022-02-14,4494.0,4517.5,4536.5,4480.5,81720.0,-0.13
2022-02-11,4500.0,4543.0,4556.0,4506.5,82950.0,-0.31
2022-02-10,4514.0,4554.5,4595.0,4523.5,85170.0,-0.46
2022-02-09,4535.0,4552.0,4588.5,4531.0,68130.0,-0.04
2022-02-08,4537.0,4562.5,4582.0,4523.5,101140.0,-0.22
2022-02-07,4547.0,4581.0,4592.0,4529.0,76290.0,0.07
2022-02-04,4544.0,4552.5,4601.5,4536.0,86940.0,0.33
2022-02-03,4529.0,4509.5,4586.0,4485.5,69160.0,0.73
2022-02-02,4496.0,4496.5,4545.0,4492.5,48880.0,0.27
2022-02-01,4484.0,4484.5,4519.0,4467.5,54040.0,0.2
2022-01-31,4475.0,4455.0,4510.0,4438.5,56520.0,0.95
2022-01-28,4433.0,4446.0,4478.0,4422.5,62590.0,0.0
2022-01-27,4433.0,4481.0,4481.5,4435.5,68880.0,-0.67
2022-01-26,4463.0,4503.5,4521.5,4469.0,63270.0,-0.51
2022-01-25,4486.0,4520.0,4541.0,4476.5,73270.0,-0.51
2022-01-24,4509.0,4527.0,4543.0,4488.0,94200.0,0.16
2022-01-21,4502.0,4511.0,4555.0,4469.5,70650.0,0.11
2022-01-20,4497.0,4526.0,4556.5,4499.5,74650.0,-0.4
2022-01-19,4515.0,4517.0,4551.5,4498.5,88480.0,0.18
2022-01-18,4507.0,4542.5,4556.5,4496.0,102740.0,-0.31
2022-01-17,4521.0,4547.5,4554.5,4520.5,60950.0,-0.2
2022-01-14,4530.0,4563.0,4573.5,4506.0,64330.0,-0.24
2022-01-13,4541.0,4546.0,4573.0,4517.0,59990.0,0.58
2022-01-12,4515.0,4515.5,4558.0,4489.0,61080.0,0.69
2022-01-11,4484.0,4502.0,4525.0,4467.5,59020.0,0.25
2022-01-10,4473.0,4490.5,4516.5,4464.5,55700.0,-0.31
2022-01-07,4487.0,4492.0,4519.5,4466.5,45220.0,0.47
2022-01-06,4466.0,4495.5,4507.5,4453.0,67640.0,0.02
2022-01-05,4465.0,4485.0,4509.0,4459.0,46210.0,0.25
2022-01-04,4454.0,4487.5,4500.5,4446.0,48710.0,0.0
2022-01-03,4454.0,4510.5,4529.0,4464.5,34550.0,-1.3
2021-12-31,4512.5,4496.0,4529.5,4483.0,26800.0,0.36
2021-12-30,4496.5,4506.0,4516.5,4459.5,38450.0,-0.21
2021-12-29,4506.0,4496.0,4523.5,4464.0,43060.0,0.87
2021-12-28,4467.0,4505.5,4514.5,4464.0,44520.0,-0.27
2021-12-27,4479.0,4493.5,4510.5,4466.0,38770.0,-0.32
2021-12-24,4493.5,4494.0,4507.0,4468.0,47990.0,0.0
2021-12-23,4493.5,4493.0,4514.5,4456.0,58690.0,0.01
2021-12-22,4493.0,4483.0,4514.0,4465.0,63300.0,0.83
2021-12-21,4456.0,4480.0,4491.0,4399.0,74720.0,0.18
2021-12-20,4448.0,4460.5,4490.5,4445.5,80590.0,-0.26
2021-12-17,4459.5,4499.5,4506.5,4437.5,65590.0,-0.88
2021-12-16,4499.0,4484.5,4513.0,4447.0,68600.0,0.99
2021-12-15,4455.0,4468.0,4493.0,4451.0,102490.0,-0.29
2021-12-14,4468.0,4481.0,4499.0,4454.0,154480.0,0.45
2021-12-13,4448.0,4498.0,4500.0,4464.5,76040.0,-0.45
2021-12-10,4468.0,4491.0,4511.5,4455.0,89560.0,0.09
2021-12-09,4464.0,4506.0,4510.5,4455.5,82200.0,-0.22
2021-12-08,4474.0,4476.0,4518.0,4445.5,143060.0,0.68
2021-12-07,4444.0,4489.0,4493.5,4434.5,157020.0,-0.4
2021-12-06,4462.0,4493.0,4509.0,4456.5,94180.0,-0.27
2021-12-03,4474.0,4498.0,4512.5,4474.5,80100.0,-0.02
2021-12-02,4475.0,4505.0,4537.5,4477.5,86580.0,-0.16
2021-12-01,4482.0,4515.5,4533.5,4482.5,118580.0,-0.29
2021-11-30,4495.0,4501.5,4537.5,4474.5,129110.00000000001,0.25
2021-11-29,4484.0,4505.0,4511.5,4459.5,85760.0,-0.24
2021-11-26,4495.0,4463.5,4522.0,4455.5,119450.0,1.17
2021-11-25,4443.0,4467.5,4477.5,4431.5,78490.0,-0.22
2021-11-24,4453.0,4481.5,4485.0,4428.0,82720.0,-0.22
2021-11-23,4463.0,4480.5,4501.0,4455.0,95090.0,-0.02
2021-11-22,4464.0,4494.5,4517.0,4459.5,130870.0,-0.65
2021-11-19,4493.0,4531.0,4532.5,4477.5,65990.0,-0.44
2021-11-18,4513.0,4509.5,4543.0,4490.0,103390.0,0.49
2021-11-17,4491.0,4507.0,4524.0,4473.5,85760.0,0.13
2021-11-16,4485.0,4526.0,4540.5,4488.5,76760.0,-0.42
2021-11-15,4504.0,4558.5,4572.5,4518.5,69230.0,-0.68
2021-11-12,4535.0,4552.0,4577.0,4522.5,68600.0,0.27
2021-11-11,4523.0,4564.5,4566.5,4523.5,53790.0,-0.24
2021-11-10,4534.0,4605.5,4607.5,4538.5,78830.0,-0.85
2021-11-09,4573.0,4603.0,4614.0,4556.5,59710.0,0.07
2021-11-08,4570.0,4592.5,4614.5,4573.0,69670.0,-0.49
2021-11-05,4592.5,4584.0,4603.5,4542.5,74240.0,0.19
2021-11-04,4584.0,4602.5,4620.0,4562.5,82530.0,-0.41
2021-11-03,4603.0,4603.5,4621.5,4557.0,85560.0,0.61
2021-11-02,4575.0,4618.0,4622.5,4567.0,76810.0,-0.37
2021-11-01,4592.0,4598.5,4622.5,4576.5,89070.0,0.37
2021-10-29,4575.0,4654.0,4659.0,4582.0,67290.0,-1.34
2021-10-28,4637.0,4622.0,4660.0,4572.5,77320.0,0.78
2021-10-27,4601.0,4616.0,4630.5,4573.5,59740.0,0.2
2021-10-26,4592.0,4617.0,4630.0,4563.5,53100.0,0.04
2021-10-25,4590.0,4598.0,4643.0,4547.0,64519.99999999999,-0.75
2021-10-22,4624.5,4614.5,4632.0,4546.0,60380.0,0.22
2021-10-21,4614.5,4619.5,4629.0,4587.5,63250.0,-0.11
2021-10-20,4619.5,4612.5,4629.0,4561.0,59500.0,0.15
2021-10-19,4612.5,4602.0,4634.5,4568.0,55390.0,0.23
2021-10-18,4602.0,4605.0,4612.5,4543.5,80860.0,-0.1
2021-10-15,4606.5,4613.5,4628.5,4545.0,78220.0,0.47
2021-10-14,4585.0,4608.0,4624.5,4550.5,48000.0,0.13
2021-10-13,4579.0,4573.0,4610.5,4532.5,82330.0,0.13
2021-10-12,4573.0,4577.5,4596.0,4518.5,49870.0,-0.07
2021-10-11,4576.0,4533.5,4590.0,4509.0,62290.0,0.12
2021-10-08,4570.5,4568.5,4577.5,4492.0,56350.0,0.03
2021-10-07,4569.0,4568.0,4581.0,4507.0,59440.0,0.0
2021-10-06,4569.0,4589.5,4590.5,4491.0,69170.0,-0.4
2021-10-05,4587.5,4580.0,4606.0,4513.5,68440.0,0.56
2021-10-04,4562.0,4558.0,4613.0,4529.5,52700.0,-0.77
2021-10-01,4597.5,4601.0,4606.5,4536.0,52110.0,0.62
2021-09-30,4569.0,4603.5,4614.0,4531.5,73950.0,-0.76
2021-09-29,4604.0,4653.0,4658.0,4546.0,67190.0,-0.6
2021-09-28,4632.0,4642.0,4669.0,4591.5,74870.0,-0.22
2021-09-27,4642.0,4627.0,4661.0,4568.0,60700.0,0.32
2021-09-24,4627.0,4649.5,4665.5,4582.5,76330.0,-0.48
2021-09-23,4649.5,4635.0,4654.5,4571.5,71950.0,0.31
2021-09-22,4635.0,4646.5,4662.0,4556.0,74940.0,-0.24
2021-09-21,4646.0,4628.5,4653.0,4552.0,68920.0,0.36
2021-09-20,4629.5,4634.5,4635.0,4541.5,69620.0,-0.06
2021-09-17,4632.5,4631.5,4651.5,4552.0,67360.0,-0.01
2021-09-16,4633.0,4643.5,4654.5,4533.0,92530.0,-0.25
2021-09-15,4644.5,4634.0,4650.5,4541.0,68030.0,0.25
2021-09-14,4633.0,4640.0,4649.5,4545.0,70240.0,-0.13
2021-09-13,4639.0,4557.5,4642.5,4522.5,52450.0,0.19
2021-09-10,4630.0,4638.5,4646.5,4540.5,67790.0,-0.19
2021-09-09,4639.0,4635.5,4645.5,4544.5,61550.0,0.1
2021-09-08,4634.5,4649.5,4653.5,4542.0,80290.0,-0.31
2021-09-07,4649.0,4651.5,4666.0,4553.0,73400.0,-0.05
2021-09-06,4651.5,4659.5,4661.5,4547.0,50190.0,-0.21
2021-09-03,4661.5,4659.5,4671.5,4550.5,85870.0,0.03
2021-09-02,4660.0,4638.5,4660.5,4546.0,63370.0,0.47
2021-09-01,4638.0,4629.5,4650.0,4530.5,76980.0,0.19
2021-08-31,4629.0,4624.5,4643.5,4539.0,74030.0,0.1
2021-08-30,4624.5,4551.5,4632.0,4531.5,53600.0,0.08
2021-08-27,4621.0,4610.0,4629.0,4515.0,97400.0,0.24
2021-08-26,4610.0,4615.0,4621.5,4499.0,77260.0,-0.12
2021-08-25,4615.5,4607.5,4616.5,4485.5,78190.0,0.16
2021-08-24,4608.0,4606.0,4614.0,4503.0,49010.0,0.04
2021-08-23,4606.0,4511.5,4608.5,4478.5,56480.0,0.55
2021-08-20,4581.0,4562.0,4590.0,4457.0,61190.0,0.41
2021-08-19,4562.5,4580.5,4588.0,4451.0,78380.0,-0.41
2021-08-18,4581.5,4577.5,4594.5,4444.0,72140.0,0.1
2021-08-17,4577.0,4603.5,4608.0,4459.0,67560.0,-0.6
2021-08-16,4604.5,4515.5,4612.0,4464.0,68300.0,2.39
2021-08-13,4497.0,4582.5,4611.0,4476.0,61780.0,-1.89
2021-08-12,4583.5,4507.0,4596.0,4459.5,72140.0,1.7
2021-08-11,4507.0,4582.5,4585.0,4449.0,64650.00000000001,-1.65
2021-08-10,4582.5,4493.0,4590.5,4459.5,110600.0,2.4
2021-08-09,4475.0,4502.5,4597.5,4474.5,75860.0,-0.2
2021-08-06,4484.0,4527.5,4622.5,4487.5,64160.0,-0.4
2021-08-05,4502.0,4521.5,4633.5,4498.0,77740.0,-0.02
2021-08-04,4503.0,4525.5,4647.5,4487.0,71430.0,-0.07
2021-08-03,4506.0,4515.5,4531.5,4493.0,57130.0,0.2
2021-08-02,4497.0,4527.5,4540.5,4499.0,46160.0,-0.33
2021-07-30,4512.0,4536.5,4548.0,4517.5,60750.0,-0.13
2021-07-29,4518.0,4521.5,4541.5,4497.0,80620.0,0.33
2021-07-28,4503.0,4510.5,4526.0,4465.0,93680.0,0.24
2021-07-27,4492.0,4505.5,4533.0,4471.5,64680.00000000001,0.13
2021-07-26,4486.0,4488.5,4521.5,4455.5,49630.0,0.43
2021-07-23,4467.0,4484.5,4509.5,4449.0,72960.0,0.0
2021-07-22,4467.0,4517.5,4555.0,4463.0,61510.0,-0.73
2021-07-21,4500.0,4513.5,4553.0,4452.5,63880.0,0.11
2021-07-20,4495.0,4528.5,4539.0,4482.0,97740.0,-0.33
2021-07-19,4510.0,4612.0,4623.0,4474.5,77830.0,-2.21
2021-07-16,4612.0,4625.0,4628.0,4503.5,72330.0,-0.28
2021-07-15,4625.0,4498.0,4634.5,4470.0,76450.0,2.82
2021-07-14,4498.0,4461.0,4521.0,4441.5,53490.0,1.26
2021-07-13,4442.0,4476.5,4484.5,4423.0,57980.0,-0.34
2021-07-12,4457.0,4470.0,4487.0,4442.5,73870.0,0.09
2021-07-09,4453.0,4545.5,4556.5,4446.0,51100.0,-1.63
2021-07-08,4527.0,4557.5,4579.0,4412.0,59010.0,-0.26
2021-07-07,4539.0,4585.0,4591.0,4518.5,57930.0,-0.59
2021-07-06,4566.0,4656.0,4693.5,4524.0,90720.0,-1.93
2021-07-05,4656.0,4642.0,4692.0,4559.5,51700.0,0.67
2021-07-02,4625.0,4669.0,4692.5,4566.0,62950.0,-0.94
2021-07-01,4669.0,4682.5,4703.0,4600.0,54190.0,-0.27
2021-06-30,4681.5,4675.5,4710.0,4590.0,61630.0,0.13
2021-06-29,4675.5,4562.5,4685.5,4479.0,57910.0,2.48
2021-06-28,4562.5,4558.0,4588.5,4490.5,51140.0,0.63
2021-06-25,4534.0,4515.5,4577.5,4502.5,61870.0,0.82
2021-06-24,4497.0,4514.0,4574.5,4482.0,77360.0,0.04
2021-06-23,4495.0,4518.5,4538.0,4478.5,64090.0,-0.11
2021-06-22,4500.0,4500.5,4523.5,4468.5,76900.0,0.4
2021-06-21,4482.0,4496.5,4512.0,4457.0,107110.0,0.13
2021-06-18,4476.0,4500.5,4507.5,4467.5,101800.0,-0.13
2021-06-17,4482.0,4533.5,4537.5,4464.5,88260.0,-0.73
2021-06-16,4515.0,4607.0,4614.5,4532.5,79840.0,-1.4
2021-06-15,4579.0,4604.0,4626.5,4536.5,61750.0,-0.13
2021-06-14,4585.0,4601.0,4735.5,4569.5,49640.0,0.09
2021-06-11,4581.0,4608.0,4618.5,4573.0,79650.0,-0.2
2021-06-10,4590.0,4598.0,4618.0,4574.0,77830.0,-0.17
2021-06-09,4598.0,4594.0,4627.0,4577.0,58070.0,0.5
2021-06-08,4575.0,4599.5,4607.5,4578.5,58840.0,-0.13
2021-06-07,4581.0,4592.0,4605.0,4571.5,47650.0,0.2
2021-06-04,4572.0,4572.0,4603.0,4528.5,63150.0,0.44
2021-06-03,4552.0,4605.5,4612.0,4549.5,59710.0,-0.76
2021-06-02,4587.0,4604.0,4609.0,4557.5,67060.0,0.07
2021-06-01,4584.0,4613.0,4620.0,4564.0,73700.0,-0.22
2021-05-31,4594.0,4576.0,4615.0,4564.5,75230.0,0.81
2021-05-28,4557.0,4576.5,4590.0,4537.5,62980.0,-0.02
2021-05-27,4558.0,4576.0,4593.0,4545.0,87530.0,0.02
2021-05-26,4557.0,4606.0,4611.5,4547.5,81380.0,-0.65
2021-05-25,4587.0,4592.0,4621.0,4557.0,94480.0,0.31
2021-05-24,4573.0,4576.5,4608.0,4567.0,89870.0,0.64
2021-05-21,4544.0,4599.5,4604.0,4551.5,98580.0,-0.79
2021-05-20,4580.0,4572.0,4617.5,4445.5,101370.0,0.57
2021-05-19,4554.0,4594.5,4607.0,4536.5,97680.0,-0.35
2021-05-18,4570.0,4569.0,4602.0,4554.0,90320.0,0.57
2021-05-17,4544.0,4568.0,4581.0,4542.0,84690.0,-0.11
2021-05-14,4549.0,4538.0,4571.5,4525.0,76110.0,0.66
2021-05-13,4519.0,4546.0,4562.0,4519.5,98870.0,-0.2
2021-05-12,4528.0,4568.0,4584.0,4508.5,102150.0,-0.46
2021-05-11,4549.0,4561.0,4603.0,4545.0,118090.0,0.13
2021-05-10,4543.0,4591.0,4607.0,4544.0,110420.0,-0.85
2021-05-07,4582.0,4558.0,4604.0,4516.0,89220.0,0.95
2021-05-06,4539.0,4522.5,4564.5,4506.5,108350.0,0.89
2021-05-05,4499.0,4564.0,4574.0,4497.5,121960.0,-1.03
2021-05-04,4546.0,4583.0,4584.0,4492.0,116210.0,-0.39
2021-05-03,4564.0,4571.0,4588.0,4504.0,68500.0,0.35
2021-04-30,4548.0,4615.0,4617.5,4526.5,94200.0,-1.04
2021-04-29,4596.0,4606.0,4621.5,4549.0,104150.0,0.2
2021-04-28,4587.0,4573.5,4616.0,4551.0,87070.0,0.72
2021-04-27,4554.0,4569.0,4589.0,4534.5,117390.0,0.09
2021-04-26,4550.0,4574.0,4585.5,4536.0,94170.0,-0.18
2021-04-23,4558.0,4506.0,4585.0,4504.5,94710.0,1.15
2021-04-22,4506.0,4579.5,4592.0,4498.5,114080.0,-1.1
2021-04-21,4556.0,4541.0,4584.5,4518.5,116340.0,0.77
2021-04-20,4521.0,4540.5,4576.5,4513.0,109170.0,0.0
2021-04-19,4521.0,4551.5,4579.0,4494.5,82300.0,-0.26
2021-04-16,4533.0,4545.0,4562.0,4476.5,107310.0,0.15
2021-04-15,4526.0,4544.0,4551.5,4504.5,127740.0,0.02
2021-04-14,4525.0,4555.0,4565.5,4506.5,108570.0,-0.26
2021-04-13,4537.0,4541.0,4558.5,4481.5,104220.0,0.33
2021-04-12,4522.0,4528.5,4549.5,4504.0,97880.0,0.16
2021-04-09,4515.0,4537.0,4543.0,4501.0,83410.0,-0.09
2021-04-08,4519.0,4522.5,4548.0,4499.5,87080.0,0.29
2021-04-07,4506.0,4524.5,4541.5,4501.0,105530.0,-0.02
2021-04-06,4507.0,4501.5,4525.5,4479.5,81860.0,0.56
2021-04-05,4482.0,4481.0,4507.0,4466.5,39440.0,0.4
2021-04-02,4464.0,4487.0,4492.0,4448.0,46860.0,-0.11
2021-04-01,4469.0,4454.5,4488.5,4436.5,114070.0,0.74
2021-03-31,4436.0,4458.0,4471.0,4405.5,109180.0,-0.09
2021-03-30,4440.0,4476.5,4480.0,4394.0,73540.0,-0.4
2021-03-29,4458.0,4464.5,4486.5,4451.0,84200.0,0.27
2021-03-26,4446.0,4458.5,4490.0,4442.0,101890.0,-0.29
2021-03-25,4459.0,4466.5,4494.5,4433.0,109850.0,0.22
2021-03-24,4449.0,4493.5,4502.5,4448.5,124630.0,-0.34
2021-03-23,4464.0,4532.5,4535.5,4453.5,94590.0,-1.13
2021-03-22,4515.0,4504.5,4539.5,4484.5,99750.0,0.6
2021-03-19,4488.0,4508.5,4521.5,4464.0,108450.0,-0.07
2021-03-18,4491.0,4546.5,4550.5,4478.0,98780.0,-0.82
2021-03-17,4528.0,4518.5,4548.5,4474.5,101590.0,0.67
2021-03-16,4498.0,4491.5,4530.5,4473.0,96900.0,0.83
2021-03-15,4461.0,4539.5,4545.5,4472.5,96820.0,-0.95
2021-03-12,4504.0,4528.0,4543.5,4484.0,107540.0,-0.16
2021-03-11,4511.0,4496.0,4531.0,4488.0,104740.0,0.76
2021-03-10,4477.0,4495.5,4519.5,4450.5,111880.0,0.25
2021-03-09,4466.0,4479.5,4537.0,4465.0,127780.0,0.13
2021-03-08,4460.0,4480.0,4510.0,4444.0,119410.0,0.0
2021-03-05,4460.0,4500.0,4521.5,4440.0,121610.0,-0.89
2021-03-04,4500.0,4533.0,4545.0,4475.0,130080.00000000001,-0.31
2021-03-03,4514.0,4543.5,4552.0,4413.5,125230.0,-0.24
2021-03-02,4525.0,4542.5,4551.5,4472.5,117200.0,0.15
2021-03-01,4518.0,4539.0,4554.0,4492.0,138920.0,-0.02
2021-02-26,4519.0,4551.0,4569.0,4497.5,158350.0,-0.31
2021-02-25,4533.0,4587.5,4615.5,4540.5,179330.0,-0.77
2021-02-24,4568.0,4598.5,4608.0,4523.5,130690.0,-0.26
2021-02-23,4580.0,4601.0,4624.5,4526.5,149860.0,-0.45
2021-02-22,4600.5,4562.0,4623.5,4546.0,111610.0,0.71
2021-02-19,4568.0,4558.0,4594.0,4532.0,128500.0,0.64
2021-02-18,4539.0,4525.5,4573.5,4487.0,126840.0,0.71
2021-02-17,4507.0,4521.5,4531.5,4413.5,134260.0,0.09
2021-02-16,4503.0,4523.0,4571.0,4430.0,124010.0,-0.04
2021-02-15,4505.0,4595.0,4603.0,4502.0,86110.0,-1.53
2021-02-12,4575.0,4597.0,4601.5,4553.5,96620.0,-0.07
2021-02-11,4578.0,4593.0,4606.0,4512.5,103510.0,0.09
2021-02-10,4574.0,4593.0,4603.0,4495.0,125170.0,0.0
2021-02-09,4574.0,4566.5,4596.0,4466.0,134140.0,0.57
2021-02-08,4548.0,4564.0,4573.0,4439.0,150900.0,0.04
2021-02-05,4546.0,4534.5,4583.0,4452.5,106030.0,0.66
2021-02-04,4516.0,4561.5,4564.5,4465.5,116540.0,-0.59
2021-02-03,4543.0,4564.5,4567.5,4502.5,140680.0,-0.07
2021-02-02,4546.0,4570.5,4581.5,4497.5,165370.0,-0.15
2021-02-01,4553.0,4595.0,4611.5,4554.0,150250.0,-0.22
2021-01-29,4563.0,4594.5,4634.0,4580.0,181160.0,-0.28
2021-01-28,4576.0,4590.0,4620.0,4571.0,194490.0,0.09
2021-01-27,4572.0,4609.5,4621.5,4566.0,149670.0,-0.39
2021-01-26,4590.0,4572.0,4639.0,4557.5,110140.0,0.79
2021-01-25,4554.0,4584.0,4619.5,4546.5,109600.0,-0.24
2021-01-22,4565.0,4629.0,4655.0,4552.0,108320.0,-0.98
2021-01-21,4610.0,4585.0,4641.0,4584.0,118960.0,0.96
2021-01-20,4566.0,4588.5,4614.5,4548.0,111500.0,-0.07
2021-01-19,4569.0,4566.0,4626.0,4547.0,98760.0,0.48
2021-01-18,4547.0,4562.0,4585.5,4536.5,91550.0,0.13
2021-01-15,4541.0,4577.0,4609.5,4533.5,105030.0,-0.39
2021-01-14,4559.0,4580.0,4630.5,4539.5,100500.0,-0.07
2021-01-13,4562.0,4626.0,4645.5,4551.5,103170.0,-0.98
2021-01-12,4607.0,4748.5,4759.0,4584.5,117980.0,-2.97
2021-01-11,4748.0,4629.5,4764.5,4578.5,123800.0,2.95
2021-01-08,4612.0,4651.0,4674.5,4605.0,99680.0,-0.41
2021-01-07,4631.0,4660.0,4805.5,4603.5,109270.0,-0.22
2021-01-06,4641.0,4711.5,4730.5,4612.5,109250.0,-1.11
2021-01-05,4693.0,4795.0,4820.5,4665.0,108440.0,-2.15
2021-01-04,4796.0,4785.5,4829.0,4694.0,101550.0,0.98
2021-01-01,4749.5,4779.5,4794.5,4676.0,880.0,-0.63
2020-12-31,4779.5,4811.0,4816.5,4688.5,90300.0,-0.65
2020-12-30,4811.0,4799.0,4822.5,4690.5,105800.0,0.25
2020-12-29,4799.0,4777.0,4814.0,4677.5,99590.0,0.46
2020-12-28,4777.0,4673.0,4789.5,4647.5,78430.0,2.62
2020-12-25,4655.0,4762.5,4766.5,4659.0,14670.0,-2.25
2020-12-24,4762.0,4762.5,4780.5,4664.0,135720.0,-0.01
2020-12-23,4762.5,4598.0,4779.0,4393.5,198490.0,4.01
2020-12-22,4579.0,4426.0,4647.0,4415.5,179420.0,3.9
2020-12-21,4407.0,4425.5,4614.0,4385.0,162450.0,-0.11
2020-12-18,4412.0,4570.0,4587.5,4413.5,103640.0,-2.93
2020-12-17,4545.0,4540.0,4572.0,4410.5,118840.0,0.11
2020-12-16,4540.0,4526.5,4545.0,4436.0,141790.0,0.98
2020-12-15,4496.0,4800.5,4818.5,4520.5,121020.0,-5.98
2020-12-14,4782.0,4796.0,4827.0,4778.5,92570.0,0.25
2020-12-11,4770.0,4798.0,4809.0,4776.5,86550.0,-0.19
2020-12-10,4779.0,4776.5,4801.5,4498.0,94900.0,0.46
2020-12-09,4757.0,4785.0,4807.5,4767.0,134050.0,-0.19
2020-12-08,4766.0,4787.0,4809.5,4775.0,150900.0,-0.04
2020-12-07,4768.0,4794.5,4817.5,4763.5,130850.0,-0.1
2020-12-04,4773.0,4797.0,4829.5,4774.5,131120.0,0.02
2020-12-03,4772.0,4789.5,4826.5,4769.0,132140.0,0.04
2020-12-02,4770.0,4771.5,4799.0,4750.5,105250.0,0.36
2020-12-01,4753.0,4514.5,4774.5,4514.0,100320.0,5.26
2020-11-30,4515.5,4723.0,4740.5,4493.0,74010.0,-4.15
2020-11-27,4711.0,4656.0,4743.0,4541.0,72700.0,1.16
2020-11-26,4657.0,4661.0,4736.5,4533.0,79350.0,-0.06
2020-11-25,4660.0,4685.0,4734.0,4470.5,106660.0,-0.53
2020-11-24,4685.0,4646.5,4721.0,4571.5,97220.0,0.84
2020-11-23,4646.0,4685.5,4726.0,4553.0,86700.0,-0.12
2020-11-20,4651.5,4657.0,4717.0,4560.0,104830.0,-0.13
2020-11-19,4657.5,4643.5,4715.5,4544.5,115220.0,0.3
2020-11-18,4643.5,4673.5,4726.5,4549.0,130330.00000000001,-0.64
2020-11-17,4673.5,4691.0,4724.5,4600.0,88460.0,-0.39
2020-11-16,4692.0,4667.0,4716.0,4624.0,85090.0,0.27
2020-11-13,4679.5,4665.5,4698.5,4590.0,118780.0,0.3
2020-11-12,4665.5,4648.0,4691.5,4585.0,137740.0,0.37
2020-11-11,4648.5,4647.5,4696.0,4559.0,143200.0,-0.02
2020-11-10,4649.5,4648.5,4698.5,4567.0,165610.0,0.02
2020-11-09,4648.5,4697.0,4731.0,4578.0,152600.0,-0.69
2020-11-06,4681.0,4662.0,4718.5,4583.5,134630.0,0.35
2020-11-05,4664.5,4633.5,4702.0,4575.5,125490.0,0.69
2020-11-04,4632.5,4635.0,4663.5,4545.5,144960.0,-0.04
2020-11-03,4634.5,4604.5,4659.0,4555.5,90250.0,0.66
2020-11-02,4604.0,4608.5,4626.5,4523.5,88450.0,0.33
2020-10-30,4589.0,4626.0,4643.5,4521.5,117670.0,-0.79
2020-10-29,4625.5,4669.0,4674.0,4558.0,149550.0,-0.29
2020-10-28,4639.0,4687.5,4688.5,4619.5,112280.0,-0.39
2020-10-27,4657.0,4654.5,4705.0,4630.5,88500.0,0.19
2020-10-26,4648.0,4681.5,4682.5,4602.5,85360.0,-0.04
2020-10-23,4650.0,4651.5,4683.0,4619.0,99870.0,0.19
2020-10-22,4641.0,4668.0,4684.0,4615.0,93510.0,-0.28
2020-10-21,4654.0,4659.5,4691.0,4651.5,103450.0,0.0
2020-10-20,4654.0,4628.5,4681.5,4625.5,82200.0,0.91
2020-10-19,4612.0,4624.5,4664.5,4602.0,79780.0,0.41
2020-10-16,4593.0,4586.5,4637.5,4564.5,101250.0,0.22
2020-10-15,4583.0,4600.5,4616.5,4554.0,94930.0,-0.26
2020-10-14,4595.0,4592.5,4631.0,4573.0,103290.0,0.33
2020-10-13,4580.0,4601.0,4628.5,4561.0,110410.0,-0.33
2020-10-12,4595.0,4622.0,4625.5,4589.0,94300.0,-0.22
2020-10-09,4605.0,4583.0,4638.5,4557.0,80710.0,0.55
2020-10-08,4580.0,4578.5,4617.0,4552.5,123880.0,0.24
2020-10-07,4569.0,4565.5,4605.0,4561.5,111580.0,0.35
2020-10-06,4553.0,4592.0,4619.5,4552.5,117520.0,-0.78
2020-10-05,4589.0,4563.5,4621.0,4545.5,90370.0,0.7
2020-10-02,4557.0,4577.0,4599.0,4534.0,134800.0,-0.31
2020-10-01,4571.0,4561.0,4611.5,4546.0,125450.0,0.46
2020-09-30,4550.0,4572.5,4602.0,4536.0,99060.0,-0.33
2020-09-29,4565.0,4534.0,4585.5,4524.5,84670.0,1.06
2020-09-28,4517.0,4525.5,4555.5,4503.0,68130.0,0.29
2020-09-25,4504.0,4528.0,4541.0,4485.0,111520.0,-0.02
2020-09-24,4505.0,4525.0,4543.5,4479.5,138890.0,0.07
2020-09-23,4502.0,4550.0,4558.5,4487.5,140220.0,-0.68
2020-09-22,4533.0,4567.0,4574.5,4510.0,127950.0,-0.22
2020-09-21,4543.0,4554.5,4601.5,4511.5,139690.0,-0.18
2020-09-18,4551.0,4588.5,4597.0,4534.5,102840.0,-0.09
2020-09-17,4555.0,4567.0,4591.5,4508.5,122040.0,-0.26
2020-09-16,4567.0,4578.5,4594.0,4519.0,100490.0,-0.23
2020-09-15,4577.5,4594.5,4607.5,4520.0,75360.0,-0.36
2020-09-14,4594.0,4567.5,4604.0,4529.5,66880.0,0.33
2020-09-11,4579.0,4560.0,4593.5,4521.5,85910.0,0.39
2020-09-10,4561.0,4555.0,4612.0,4507.0,97790.0,0.11
2020-09-09,4556.0,4547.5,4578.5,4503.5,108580.0,0.22
2020-09-08,4546.0,4553.0,4563.5,4483.0,109430.0,-0.16
2020-09-07,4553.5,4520.5,4566.5,4497.5,73250.0,-0.2
2020-09-04,4562.5,4563.5,4572.0,4491.5,100320.0,-0.02
2020-09-03,4563.5,4550.5,4571.0,4474.0,107200.0,0.26
2020-09-02,4551.5,4568.0,4596.0,4472.0,103720.0,-0.36
2020-09-01,4568.0,4600.0,4626.5,4504.5,104980.0,-0.7
2020-08-31,4600.0,4549.5,4612.0,4537.5,87660.0,0.28
2020-08-28,4587.0,4554.5,4593.0,4516.5,97240.0,0.71
2020-08-27,4554.5,4558.0,4585.0,4484.5,106230.0,-0.07
2020-08-26,4557.5,4556.5,4561.0,4479.0,100920.0,0.02
2020-08-25,4556.5,4538.5,4560.5,4476.5,100640.0,0.43
2020-08-24,4537.0,4483.5,4560.5,4467.0,86810.0,-0.07
2020-08-21,4540.0,4557.0,4568.0,4452.5,99220.0,-0.39
2020-08-20,4558.0,4540.5,4561.0,4459.5,114600.0,0.41
2020-08-19,4539.5,4541.5,4598.0,4432.5,110760.0,0.36
2020-08-18,4523.0,4567.0,4598.0,4482.0,105360.0,-0.96
2020-08-17,4567.0,4530.5,4578.5,4472.5,86920.0,0.35
2020-08-14,4551.0,4555.0,4569.5,4476.0,79400.0,-0.07
2020-08-13,4554.0,4540.5,4575.0,4467.5,94640.0,0.31
2020-08-12,4540.0,4517.0,4552.0,4446.5,82370.0,0.51
2020-08-11,4517.0,4516.0,4543.5,4443.0,103100.0,0.01
2020-08-10,4516.5,4530.5,4540.0,4438.0,88140.0,-0.31
2020-08-07,4530.5,4555.0,4576.0,4439.5,103460.0,-0.53
2020-08-06,4554.5,4564.5,4585.0,4462.0,121880.0,-0.21
2020-08-05,4564.0,4544.0,4584.0,4487.5,107180.0,0.44
2020-08-04,4544.0,4526.5,4546.0,4468.0,91150.0,0.41
2020-08-03,4525.5,4499.5,4542.5,4443.5,97540.0,0.11
2020-07-31,4520.5,4549.5,4584.5,4477.5,112550.0,-0.64
2020-07-30,4549.5,4508.0,4572.0,4448.5,120400.0,1.62
2020-07-29,4477.0,4511.5,4543.5,4446.0,100260.0,-0.74
2020-07-28,4510.5,4526.0,4534.5,4433.5,103970.0,-0.33
2020-07-27,4525.5,4447.5,4537.0,4432.0,102480.0,0.81
2020-07-24,4489.0,4468.0,4490.5,4399.0,108680.0,0.48
2020-07-23,4467.5,4459.5,4479.5,4387.5,103100.0,0.22
2020-07-22,4457.5,4444.5,4479.0,4379.5,100260.0,0.29
2020-07-21,4444.5,4421.5,4454.5,4344.0,92360.0,0.53
2020-07-20,4421.0,4403.0,4433.5,4350.5,91970.0,0.06
2020-07-17,4418.5,4400.0,4428.5,4355.0,105960.0,0.42
2020-07-16,4400.0,4413.0,4426.5,4344.0,119150.0,-0.31
2020-07-15,4413.5,4410.0,4429.0,4354.5,115390.0,0.08
2020-07-14,4410.0,4384.0,4419.0,4346.5,123260.0,0.57
2020-07-13,4385.0,4370.0,4402.5,4338.5,95100.0,0.33
2020-07-10,4370.5,4363.5,4385.0,4317.0,93690.0,0.14
2020-07-09,4364.5,4387.0,4403.5,4312.0,104230.0,0.2
2020-07-08,4356.0,4363.5,4399.0,4326.0,116010.0,-0.17
2020-07-07,4363.5,4371.0,4390.0,4320.5,120210.0,-0.17
2020-07-06,4371.0,4351.5,4395.5,4324.0,93280.0,0.4
2020-07-03,4353.5,4348.5,4362.0,4302.5,117610.0,0.52
2020-07-02,4331.0,4351.5,4381.5,4311.0,110590.0,-0.47
2020-07-01,4351.5,4348.5,4372.0,4305.0,99570.0,0.06
2020-06-30,4349.0,4352.5,4364.5,4298.5,126940.0,-0.08
2020-06-29,4352.5,4343.5,4384.0,4310.5,121300.0,0.21
2020-06-26,4343.5,4344.0,4357.0,4311.5,119050.0,0.02
2020-06-25,4342.5,4357.0,4362.0,4288.5,131250.0,0.38
2020-06-24,4326.0,4378.5,4388.5,4313.5,122340.0,-0.46
2020-06-23,4346.0,4358.5,4401.0,4321.0,132610.0,0.12
2020-06-22,4341.0,4317.5,4370.0,4287.0,109710.0,1.17
2020-06-19,4291.0,4317.5,4340.0,4275.5,123560.0,-0.19
2020-06-18,4299.0,4320.5,4345.0,4284.0,126720.0,-0.3
2020-06-17,4312.0,4324.0,4349.0,4285.0,138370.0,0.02
2020-06-16,4311.0,4340.0,4369.5,4290.0,121740.0,-0.23
2020-06-15,4321.0,4311.0,4360.5,4281.5,128210.00000000001,0.51
2020-06-12,4299.0,4322.0,4362.0,4266.0,120180.0,0.14
2020-06-11,4293.0,4333.0,4364.0,4276.5,145040.0,-0.91
2020-06-10,4332.5,4323.0,4363.0,4262.5,122100.0,0.25
2020-06-09,4321.5,4304.0,4337.5,4245.5,120700.0,0.43
2020-06-08,4303.0,4242.0,4313.0,4207.5,92920.0,0.4
2020-06-05,4286.0,4287.5,4324.5,4209.0,119980.0,-0.03
2020-06-04,4287.5,4269.5,4324.0,4203.5,125240.0,0.42
2020-06-03,4269.5,4246.5,4285.5,4201.5,137830.0,0.54
2020-06-02,4246.5,4242.5,4271.0,4194.0,130060.0,0.13
2020-06-01,4241.0,4212.0,4255.0,4193.0,104770.0,0.15
2020-05-29,4234.5,4223.0,4252.0,4176.0,120970.0,0.27
2020-05-28,4223.0,4206.5,4235.5,4163.5,122880.0,1.13
2020-05-27,4176.0,4196.0,4221.0,4158.5,124890.0,-0.05
2020-05-26,4178.0,4166.0,4208.0,4143.0,101100.0,1.04
2020-05-25,4135.0,4165.5,4178.0,4142.0,65670.0,-0.05
2020-05-22,4137.0,4177.0,4193.0,4124.5,119480.0,-0.98
2020-05-21,4178.0,4189.0,4215.5,4161.5,110130.0,-0.25
2020-05-20,4188.5,4195.0,4217.0,4171.0,118760.0,0.3
2020-05-19,4176.0,4179.0,4207.5,4144.0,112550.0,0.48
2020-05-18,4156.0,4149.5,4199.0,4123.0,90630.0,0.97
2020-05-15,4116.0,4138.5,4163.0,4101.0,98510.0,-0.02
2020-05-14,4117.0,4129.5,4152.0,4091.0,115650.0,-0.3
2020-05-13,4129.5,4155.5,4178.0,4112.5,120010.0,-0.11
2020-05-12,4134.0,4139.0,4174.0,4109.0,125480.0,0.41
2020-05-11,4117.0,4135.0,4154.5,4093.5,97350.0,-0.05
2020-05-08,4119.0,4135.0,4154.5,4089.5,105070.0,0.0
2020-05-07,4119.0,4111.0,4145.0,4029.0,109280.0,0.19
2020-05-06,4111.0,4127.0,4139.0,4074.5,106090.0,0.05
2020-05-05,4109.0,4167.5,4175.0,4090.5,100970.0,-1.42
2020-05-04,4168.0,4187.0,4195.5,4110.5,88230.0,-0.05
2020-05-01,4170.0,4165.0,4211.5,4123.0,92290.0,0.12
2020-04-30,4165.0,4122.0,4194.5,4078.5,122850.0,1.26
2020-04-29,4113.0,4106.0,4167.5,4074.5,132100.0,0.32
2020-04-28,4100.0,4112.5,4154.5,4077.5,133560.0,-0.22
2020-04-27,4109.0,4116.5,4148.0,4072.5,113960.0,0.07
2020-04-24,4106.0,4098.0,4133.0,4049.5,120570.0,0.2
2020-04-23,4098.0,4105.5,4134.5,4043.5,121680.0,0.02
2020-04-22,4097.0,4111.5,4141.5,4073.5,115740.0,0.0
2020-04-21,4097.0,4109.0,4135.5,4068.5,122100.0,0.15
2020-04-20,4091.0,4111.0,4133.0,4061.0,114870.0,0.27
2020-04-17,4080.0,4093.5,4130.5,4050.5,130139.99999999999,0.25
2020-04-16,4070.0,4123.0,4132.0,4050.5,130000.0,-0.68
2020-04-15,4098.0,4140.0,4151.5,4064.5,112640.0,-1.01
2020-04-14,4140.0,4109.0,4152.0,4088.0,111800.0,0.75
2020-04-13,4109.0,4132.0,4144.0,4094.0,63010.0,-0.19
2020-04-10,4117.0,4115.0,4140.5,4094.5,62860.0,0.05
2020-04-09,4115.0,4102.0,4140.0,4073.5,117540.0,0.88
2020-04-08,4079.0,4104.0,4121.0,4062.0,129410.0,-0.61
2020-04-07,4104.0,4074.5,4129.5,4068.0,140880.0,1.41
2020-04-06,4047.0,4049.5,4098.5,4031.0,115740.0,-0.07
2020-04-03,4050.0,4095.5,4120.0,4044.5,115780.0,-1.11
2020-04-02,4095.5,4138.5,4146.5,4058.5,132300.0,-0.35
2020-04-01,4110.0,4149.0,4170.0,4075.0,128690.0,-0.94
2020-03-31,4149.0,4164.5,4173.5,4034.0,133340.0,-0.4
2020-03-30,4165.5,4179.5,4200.0,4056.5,121140.0,-0.43
2020-03-27,4183.5,4142.0,4200.0,4035.0,137770.0,1.01
2020-03-26,4141.5,4095.5,4173.5,3975.0,136340.0,1.11
2020-03-25,4096.0,4061.0,4112.5,4033.0,142550.0,0.86
2020-03-24,4061.0,4035.5,4103.5,4021.5,141130.0,0.64
2020-03-23,4035.0,4027.0,4085.5,3979.5,142670.0,0.21
2020-03-20,4026.5,4036.5,4089.5,3995.0,158020.0,0.44
2020-03-19,4009.0,4087.5,4123.0,4005.0,154750.0,-1.76
2020-03-18,4081.0,4106.0,4124.5,4008.5,143040.0,-0.17
2020-03-17,4088.0,4140.5,4176.0,4019.5,136250.0,-1.27
2020-03-16,4140.5,4095.5,4172.5,4051.0,140370.0,0.4
2020-03-13,4124.0,4139.5,4156.5,4053.0,151120.0,-0.37
2020-03-12,4139.5,4162.5,4188.5,4032.5,142230.0,-0.55
2020-03-11,4162.5,4163.0,4201.5,4080.5,137410.0,0.0
2020-03-10,4162.5,4215.0,4228.0,4089.5,131350.0,-1.27
2020-03-09,4216.0,4169.5,4245.0,4121.0,141500.0,1.16
2020-03-06,4167.5,4163.5,4206.5,4097.5,121900.0,0.1
2020-03-05,4163.5,4127.0,4172.5,4060.0,97260.0,0.88
2020-03-04,4127.0,4130.0,4151.0,4059.5,100470.0,-0.08
2020-03-03,4130.5,4130.5,4161.5,4051.5,112690.0,0.0
2020-03-02,4130.5,4086.0,4162.5,4036.0,113310.0,1.16
2020-02-28,4083.0,4098.0,4122.0,4015.5,103540.0,0.34
2020-02-27,4069.0,4059.5,4107.0,3975.0,97200.0,0.82
2020-02-26,4036.0,4061.5,4081.0,3973.5,97690.0,-0.15
2020-02-25,4042.0,4049.5,4071.0,3962.5,96680.0,0.35
2020-02-24,4028.0,4058.0,4072.5,3958.0,81190.0,-0.2
2020-02-21,4036.0,4031.0,4082.5,3940.5,73550.0,0.47
2020-02-20,4017.0,4028.5,4052.5,3947.0,80430.0,0.32
2020-02-19,4004.0,4019.5,4048.0,3943.5,80300.0,0.28
2020-02-18,3993.0,4037.0,4054.0,3957.0,79990.0,-0.4
2020-02-17,4009.0,4031.0,4046.0,3955.5,58230.0,0.05
2020-02-14,4007.0,4024.0,4050.0,3953.5,72640.0,0.0
2020-02-13,4007.0,4042.5,4050.0,3966.5,74930.0,-0.87
2020-02-12,4042.0,4055.0,4061.0,3972.5,72200.0,-0.32
2020-02-11,4055.0,4050.5,4068.5,3974.5,74110.0,0.11
2020-02-10,4050.5,4033.0,4068.0,3980.5,76430.0,-0.18
2020-02-07,4058.0,4066.5,4073.0,3986.5,69970.0,-0.18
2020-02-06,4065.5,4067.0,4081.0,3991.0,73660.0,-0.02
2020-02-05,4066.5,4082.5,4085.5,3999.0,73180.0,-0.39
2020-02-04,4082.5,4078.5,4088.0,3988.5,72550.0,0.1
2020-02-03,4078.5,4039.0,4093.0,3999.5,64400.00000000001,1.38
2020-01-31,4023.0,4068.0,4082.5,3982.5,70420.0,-1.11
2020-01-30,4068.0,4060.0,4077.5,3975.5,73180.0,0.18
2020-01-29,4060.5,4070.0,4075.0,3969.5,67820.0,-0.23
2020-01-28,4070.0,4071.0,4076.5,3980.0,64410.0,-0.02
2020-01-27,4071.0,4035.0,4082.0,3993.0,67560.0,1.29
2020-01-24,4019.0,4073.5,4090.5,3997.5,57230.0,-1.34
2020-01-23,4073.5,4104.0,4109.0,4013.0,52320.0,-0.76
2020-01-22,4104.5,4081.5,4115.5,4018.0,62290.0,0.56
2020-01-21,4081.5,4085.5,4138.0,4030.5,61080.0,-0.1
2020-01-20,4085.5,4115.5,4133.0,4024.0,49620.0,-1.04
2020-01-17,4128.5,4136.0,4147.0,4056.5,52660.0,-0.18
2020-01-16,4136.0,4143.5,4155.0,4067.5,65239.99999999999,-0.18
2020-01-15,4143.5,4131.5,4154.0,4062.5,74610.0,0.29
2020-01-14,4131.5,4138.0,4147.5,4055.0,76490.0,-0.16
2020-01-13,4138.0,4140.0,4147.0,4056.0,65890.0,-0.02
2020-01-10,4139.0,4131.0,4141.5,4040.5,64349.99999999999,0.18
2020-01-09,4131.5,4120.0,4140.5,4041.0,72320.0,0.27
2020-01-08,4120.5,4132.5,4139.0,4041.5,88630.0,-0.31
2020-01-07,4133.5,4142.0,4149.5,4066.5,71270.0,-0.24
2020-01-06,4143.5,4078.5,4146.0,4047.0,59690.0,0.5
2020-01-03,4123.0,4122.5,4129.5,4012.0,57280.0,0.01
2020-01-02,4122.5,4138.0,4144.0,4052.5,45150.0,-0.37
2020-01-01,4138.0,4138.5,4142.5,4071.5,1510.0,0.0
