"date","close","open","high","low","volume","change"
"13/12/2024","4.946,00","4.962,50","4.964,00","4.904,50","","0,00"
"12/12/2024","4.946,00","4.922,00","4.966,50","4.904,00","","0,84"
"11/12/2024","4.905,00","4.937,00","4.942,50","4.914,00","","-0,33"
"10/12/2024","4.921,00","4.962,00","4.963,50","4.906,50","","-0,51"
"09/12/2024","4.946,00","4.955,00","4.969,00","4.919,00","","0,08"
"06/12/2024","4.942,00","4.942,50","4.973,50","4.860,00","","0,32"
"05/12/2024","4.926,00","4.840,00","4.964,50","4.838,00","","2,11"
"04/12/2024","4.824,00","4.929,50","4.944,50","4.839,00","","-1,83"
"03/12/2024","4.914,00","4.923,50","4.956,00","4.898,00","","0,24"
"02/12/2024","4.902,00","4.961,00","4.968,00","4.889,00","","-0,87"
"29/11/2024","4.945,00","4.949,00","4.971,00","4.902,50","","0,24"
"28/11/2024","4.933,00","4.939,00","4.940,00","4.861,00","","-0,10"
"27/11/2024","4.938,00","4.899,00","4.949,00","4.848,00","","0,78"
"26/11/2024","4.900,00","4.899,00","4.909,00","4.808,00","","0,00"
"25/11/2024","4.900,00","4.862,00","4.915,00","4.798,00","","1,14"
"22/11/2024","4.845,00","4.880,00","4.916,00","4.758,00","","-0,72"
"21/11/2024","4.880,00","4.907,00","4.914,00","4.803,00","","-0,57"
"20/11/2024","4.908,00","4.920,00","4.935,00","4.810,00","","-0,24"
"19/11/2024","4.920,00","4.930,00","4.932,00","4.821,00","","-0,18"
"18/11/2024","4.929,00","4.903,00","4.931,00","4.802,00","","0,53"
"15/11/2024","4.903,00","4.887,00","4.919,00","4.827,00","","0,33"
"14/11/2024","4.887,00","4.907,00","4.921,00","4.870,00","","-0,41"
"13/11/2024","4.907,00","4.918,00","4.950,00","4.843,00","","-0,22"
"12/11/2024","4.918,00","4.926,00","4.943,00","4.886,00","","-0,18"
"11/11/2024","4.927,00","4.945,00","4.962,00","4.866,00","","-0,36"
"08/11/2024","4.945,00","4.983,00","4.983,00","4.931,00","","-0,76"
"07/11/2024","4.983,00","4.948,00","4.990,00","4.915,00","","0,71"
"06/11/2024","4.948,00","5.022,00","5.025,00","4.901,00","","-1,47"
"05/11/2024","5.022,00","5.000,00","5.024,00","4.965,00","","0,46"
"04/11/2024","4.999,00","4.997,00","5.016,00","4.987,00","","0,40"
"01/11/2024","4.979,00","4.999,00","5.006,00","4.972,00","","-0,40"
"31/10/2024","4.999,00","4.989,00","5.001,00","4.967,00","","0,20"
"30/10/2024","4.989,00","4.972,00","4.996,00","4.957,00","","0,34"
"29/10/2024","4.972,00","4.970,00","4.980,00","4.947,00","","0,04"
"28/10/2024","4.970,00","4.962,00","4.975,00","4.953,00","","0,32"
"25/10/2024","4.954,00","4.969,00","4.980,00","4.954,00","","-0,32"
"24/10/2024","4.970,00","4.979,00","4.982,00","4.934,00","","-0,16"
"23/10/2024","4.978,00","4.956,00","4.985,00","4.933,00","","0,44"
"22/10/2024","4.956,00","4.964,00","4.985,00","4.937,00","","-0,16"
"21/10/2024","4.964,00","4.983,00","4.989,00","4.946,00","","-0,16"
"18/10/2024","4.972,00","4.950,00","4.990,00","4.948,00","","0,44"
"17/10/2024","4.950,00","4.976,00","4.989,00","4.947,00","","-0,52"
"16/10/2024","4.976,00","4.989,00","5.005,00","4.957,00","","-0,26"
"15/10/2024","4.989,00","4.995,00","5.009,00","4.965,00","","-0,12"
"14/10/2024","4.995,00","4.985,00","5.006,00","4.966,00","","-0,20"
"11/10/2024","5.005,00","4.997,00","5.011,00","4.964,00","","0,12"
"10/10/2024","4.999,00","4.995,00","5.016,00","4.974,00","","0,08"
"09/10/2024","4.995,00","5.006,00","5.023,00","4.984,00","","-0,22"
"08/10/2024","5.006,00","4.999,00","5.023,00","4.970,00","","0,14"
"07/10/2024","4.999,00","5.000,00","5.034,00","4.961,00","","-0,04"
"04/10/2024","5.001,00","5.014,00","5.039,00","4.973,00","","-0,24"
"03/10/2024","5.013,00","5.023,00","5.038,00","4.987,00","","-0,20"
"02/10/2024","5.023,00","5.022,00","5.043,00","4.886,00","","0,02"
"01/10/2024","5.022,00","5.052,00","5.058,00","4.914,00","","-0,59"
"30/09/2024","5.052,00","5.056,00","5.080,00","4.927,00","","-0,12"
"27/09/2024","5.058,00","5.063,00","5.071,00","4.929,00","","-0,10"
"26/09/2024","5.063,00","5.017,00","5.066,00","4.914,00","","0,02"
"25/09/2024","5.062,00","5.062,00","5.072,00","4.937,00","","-0,02"
"24/09/2024","5.063,00","5.028,00","5.063,00","4.907,00","","0,70"
"23/09/2024","5.028,00","5.050,00","5.052,00","4.927,00","","-0,46"
"20/09/2024","5.051,00","5.053,00","5.057,00","4.928,00","","-0,04"
"19/09/2024","5.053,00","5.035,00","5.056,00","4.888,00","","0,36"
"18/09/2024","5.035,00","5.035,00","5.068,00","4.908,00","","0,00"
"17/09/2024","5.035,00","5.043,00","5.045,00","4.911,00","","-0,16"
"16/09/2024","5.043,00","5.019,00","5.043,00","4.894,00","","0,62"
"13/09/2024","5.012,00","4.993,00","5.026,00","4.889,00","","-0,53"
"12/09/2024","5.038,50","4.984,00","5.016,00","4.860,00","","1,09"
"11/09/2024","4.984,00","4.986,00","5.004,00","4.865,00","","-0,06"
"10/09/2024","4.987,00","4.992,00","5.031,00","4.870,00","","-0,12"
"09/09/2024","4.993,00","5.014,00","5.031,00","4.882,00","","-0,44"
"06/09/2024","5.015,00","5.046,00","5.050,00","4.907,00","","-0,61"
"05/09/2024","5.046,00","5.018,00","5.048,00","4.981,00","","0,54"
"04/09/2024","5.019,00","5.017,00","5.037,00","4.880,00","","0,04"
"03/09/2024","5.017,00","5.020,00","5.029,00","4.888,00","","-0,08"
"02/09/2024","5.021,00","5.017,00","5.027,00","4.971,00","","0,06"
"30/08/2024","5.018,00","5.030,00","5.061,00","4.981,00","","-0,24"
"29/08/2024","5.030,00","5.047,00","5.063,00","4.976,00","","-0,38"
"28/08/2024","5.049,00","5.073,00","5.080,00","4.979,00","","-0,47"
"27/08/2024","5.073,00","5.061,00","5.081,00","4.986,00","","-0,76"
"26/08/2024","5.112,00","5.091,00","5.097,00","5.019,00","","0,39"
"23/08/2024","5.092,00","5.073,00","5.097,00","4.991,00","","0,37"
"22/08/2024","5.073,00","5.090,00","5.094,00","5.019,00","","-0,33"
"21/08/2024","5.090,00","5.073,00","5.101,00","5.000,00","","-0,69"
"20/08/2024","5.125,50","5.072,00","5.082,00","5.009,00","","1,05"
"19/08/2024","5.072,00","5.037,00","5.072,00","4.916,00","","-0,13"
"16/08/2024","5.078,50","5.017,00","5.044,00","4.915,00","","1,23"
"15/08/2024","5.017,00","5.027,00","5.037,00","5.006,00","","-1,07"
"14/08/2024","5.071,50","5.025,00","5.052,00","4.980,00","","0,95"
"13/08/2024","5.024,00","4.990,00","5.028,00","4.933,00","","0,68"
"12/08/2024","4.990,00","4.985,00","4.999,00","4.928,00","","0,06"
"09/08/2024","4.987,00","4.973,00","4.994,00","4.928,00","","0,28"
"08/08/2024","4.973,00","4.976,00","4.991,00","4.936,00","","-0,06"
"07/08/2024","4.976,00","4.962,00","4.988,00","4.824,00","","0,28"
"06/08/2024","4.962,00","4.982,00","4.992,00","4.819,00","","-0,40"
"05/08/2024","4.982,00","4.973,00","5.012,00","4.939,00","","0,59"
"02/08/2024","4.953,00","4.879,00","4.975,00","4.876,00","","1,50"
"01/08/2024","4.880,00","4.915,00","4.926,00","4.866,00","","-0,71"
"31/07/2024","4.915,00","4.914,00","4.932,00","4.886,00","","0,02"
"30/07/2024","4.914,00","4.912,00","4.926,00","4.881,00","","0,06"
"29/07/2024","4.911,00","4.928,00","4.931,00","4.791,00","","-0,28"
"26/07/2024","4.925,00","4.917,00","4.930,00","4.789,00","","0,18"
"25/07/2024","4.916,00","4.902,00","4.928,00","4.786,00","","0,31"
"24/07/2024","4.901,00","4.905,00","4.917,00","4.790,00","","-0,10"
"23/07/2024","4.906,00","4.909,00","4.912,00","4.809,00","","-0,06"
"22/07/2024","4.909,00","4.885,00","4.976,00","4.807,00","","0,51"
"19/07/2024","4.884,00","4.900,00","4.910,00","4.807,00","","-0,35"
"18/07/2024","4.901,00","4.918,00","4.919,00","4.827,00","","-0,35"
"17/07/2024","4.918,00","4.899,00","4.920,00","4.811,00","","0,39"
"16/07/2024","4.899,00","4.894,00","4.901,00","4.808,00","","0,08"
"15/07/2024","4.895,00","4.891,00","4.905,00","4.806,00","","-0,10"
"12/07/2024","4.900,00","4.868,00","4.900,00","4.797,00","","0,66"
"11/07/2024","4.868,00","4.852,00","4.884,00","4.783,00","","0,33"
"10/07/2024","4.852,00","4.845,00","4.856,00","4.774,00","","0,14"
"09/07/2024","4.845,00","4.847,00","4.849,00","4.780,00","","0,02"
"08/07/2024","4.844,00","4.831,00","4.853,00","4.779,00","","0,00"
"05/07/2024","4.844,00","4.821,00","4.846,00","4.773,00","","0,48"
"04/07/2024","4.821,00","4.810,00","4.822,00","4.763,00","","0,23"
"03/07/2024","4.810,00","4.786,00","4.821,00","4.746,00","","0,48"
"02/07/2024","4.787,00","4.787,00","4.793,00","4.739,00","","0,02"
"01/07/2024","4.786,00","4.790,00","4.812,00","4.730,00","","0,04"
"28/06/2024","4.784,00","4.777,00","4.788,00","4.718,00","","0,13"
"27/06/2024","4.778,00","4.769,00","4.786,00","4.715,00","","0,19"
"26/06/2024","4.769,00","4.780,00","4.786,00","4.727,00","","-0,23"
"25/06/2024","4.780,00","4.789,00","4.798,00","4.738,00","","-0,19"
"24/06/2024","4.789,00","4.769,00","4.800,00","4.718,00","","0,36"
"21/06/2024","4.772,00","4.769,00","4.801,00","4.725,00","","0,06"
"20/06/2024","4.769,00","4.780,00","4.801,00","4.742,00","","-0,25"
"19/06/2024","4.781,00","4.782,00","4.801,00","4.740,00","","0,00"
"18/06/2024","4.781,00","4.780,00","4.787,00","4.737,00","","0,00"
"17/06/2024","4.781,00","4.763,00","4.801,00","4.724,00","","0,38"
"14/06/2024","4.763,00","4.778,00","4.802,00","4.740,00","","-0,31"
"13/06/2024","4.778,00","4.804,00","4.815,00","4.771,00","","-0,54"
"12/06/2024","4.804,00","4.781,00","4.833,00","4.743,00","","0,46"
"11/06/2024","4.782,00","4.793,00","4.795,00","4.731,00","","-0,21"
"10/06/2024","4.792,00","4.805,00","4.847,00","4.739,00","","-0,33"
"07/06/2024","4.808,00","4.850,00","4.865,00","4.795,00","","-0,87"
"06/06/2024","4.850,00","4.861,00","4.877,00","4.800,00","","-0,23"
"05/06/2024","4.861,00","4.850,00","4.876,00","4.803,00","","0,23"
"04/06/2024","4.850,00","4.836,00","4.855,00","4.816,00","","0,29"
"03/06/2024","4.836,00","4.806,00","4.849,00","4.781,00","","0,71"
"31/05/2024","4.802,00","4.799,00","4.824,00","4.764,00","","0,06"
"30/05/2024","4.799,00","4.780,00","4.807,00","4.755,00","","0,40"
"29/05/2024","4.780,00","4.809,00","4.811,00","4.752,00","","-0,60"
"28/05/2024","4.809,00","4.797,00","4.823,00","4.783,00","","0,25"
"27/05/2024","4.797,00","4.795,00","4.804,00","4.775,00","","0,10"
"24/05/2024","4.792,00","4.777,00","4.799,00","4.750,00","","0,31"
"23/05/2024","4.777,00","4.767,00","4.795,00","4.754,00","","-0,71"
"22/05/2024","4.811,00","4.775,00","4.797,00","4.745,00","","-0,39"
"21/05/2024","4.830,00","4.787,00","4.797,00","4.752,00","","0,92"
"20/05/2024","4.786,00","4.795,00","4.804,00","4.786,00","","-0,25"
"17/05/2024","4.798,00","4.797,00","4.800,00","4.743,00","","0,02"
"16/05/2024","4.797,00","4.807,00","4.811,00","4.753,00","","-0,19"
"15/05/2024","4.806,00","4.762,00","4.807,00","4.744,00","","0,92"
"14/05/2024","4.762,00","4.764,00","4.781,00","4.722,00","","-0,06"
"13/05/2024","4.765,00","4.758,00","4.773,00","4.719,00","","0,19"
"10/05/2024","4.756,00","4.765,00","4.767,00","4.688,00","","-0,19"
"09/05/2024","4.765,00","4.745,00","4.767,00","4.740,00","","0,40"
"08/05/2024","4.746,00","4.736,00","4.761,00","4.671,00","","-0,84"
"07/05/2024","4.786,00","4.738,00","4.765,00","4.724,00","","0,15"
"06/05/2024","4.779,00","4.759,00","4.770,00","4.727,00","","0,42"
"03/05/2024","4.759,00","4.746,00","4.776,00","4.703,00","","0,27"
"02/05/2024","4.746,00","4.740,00","4.749,00","4.705,00","","0,13"
"01/05/2024","4.740,00","4.718,00","4.750,00","4.703,00","","0,47"
"30/04/2024","4.718,00","4.742,00","4.748,00","4.707,00","","-0,49"
"29/04/2024","4.741,00","4.728,00","4.742,00","4.711,00","","0,25"
"26/04/2024","4.729,00","4.745,00","4.757,00","4.720,00","","-0,34"
"25/04/2024","4.745,00","4.677,00","4.751,00","4.675,00","","0,64"
"24/04/2024","4.715,00","4.715,00","4.736,00","4.671,00","","0,00"
"23/04/2024","4.715,00","4.686,00","4.729,00","4.684,00","","0,64"
"22/04/2024","4.685,00","4.675,00","4.712,00","4.657,00","","0,21"
"19/04/2024","4.675,00","4.647,00","4.701,00","4.646,00","","0,62"
"18/04/2024","4.646,00","4.659,00","4.717,00","4.638,00","","-0,28"
"17/04/2024","4.659,00","4.612,00","4.697,00","4.610,00","","1,04"
"16/04/2024","4.611,00","4.519,00","4.694,00","4.517,00","","2,04"
"15/04/2024","4.519,00","4.624,00","4.705,00","4.518,00","","-2,33"
"12/04/2024","4.627,00","4.663,00","4.738,00","4.616,00","","-0,75"
"11/04/2024","4.662,00","4.682,00","4.747,00","4.651,00","","-0,41"
"10/04/2024","4.681,00","4.715,00","4.796,00","4.627,00","","-0,72"
"09/04/2024","4.715,00","4.708,00","4.798,00","4.677,00","","0,15"
"08/04/2024","4.708,00","4.706,00","4.787,00","4.683,00","","0,09"
"05/04/2024","4.704,00","4.703,00","4.788,00","4.657,00","","0,00"
"04/04/2024","4.704,00","4.704,00","4.788,00","4.668,00","","-0,04"
"03/04/2024","4.706,00","4.682,00","4.757,00","4.673,00","","0,53"
"02/04/2024","4.681,00","4.677,00","4.745,00","4.661,00","","0,09"
"01/04/2024","4.677,00","4.696,00","4.769,00","4.671,00","","-1,17"
"29/03/2024","4.732,50","4.696,00","4.766,00","4.682,00","","0,78"
"28/03/2024","4.696,00","4.712,00","4.778,00","4.687,00","","-1,23"
"27/03/2024","4.754,50","4.711,00","4.784,00","4.692,00","","-0,01"
"26/03/2024","4.755,00","4.739,00","4.792,00","4.696,00","","0,34"
"25/03/2024","4.739,00","4.750,00","4.807,00","4.683,00","","-0,23"
"22/03/2024","4.750,00","4.842,00","4.844,00","4.716,00","","-1,90"
"21/03/2024","4.842,00","4.867,00","4.874,00","4.799,00","","-0,47"
"20/03/2024","4.865,00","4.859,00","4.868,00","4.786,00","","0,10"
"19/03/2024","4.860,00","4.871,00","4.878,00","4.800,00","","-0,23"
"18/03/2024","4.871,00","4.857,00","4.888,00","4.804,00","","-0,70"
"15/03/2024","4.905,50","4.886,00","4.891,00","4.803,00","","0,40"
"14/03/2024","4.886,00","4.917,00","4.921,00","4.833,00","","-0,63"
"13/03/2024","4.917,00","4.911,00","4.950,00","4.825,00","","0,10"
"12/03/2024","4.912,00","4.912,00","4.919,00","4.825,00","","-0,04"
"11/03/2024","4.914,00","4.892,00","4.928,00","4.829,00","","-0,22"
"08/03/2024","4.925,00","4.931,00","4.936,00","4.834,00","","-0,12"
"07/03/2024","4.931,00","4.909,00","4.932,00","4.810,00","","0,43"
"06/03/2024","4.910,00","4.886,00","4.918,00","4.791,00","","0,51"
"05/03/2024","4.885,00","4.887,00","4.910,00","4.790,00","","-0,04"
"04/03/2024","4.887,00","4.908,00","4.912,00","4.787,00","","-0,58"
"01/03/2024","4.915,50","4.891,00","4.910,00","4.770,00","","0,50"
"29/02/2024","4.891,00","4.905,00","4.912,00","4.784,00","","-0,31"
"28/02/2024","4.906,00","4.920,00","4.921,00","4.788,00","","-0,28"
"27/02/2024","4.920,00","4.922,00","4.926,00","4.789,00","","-0,06"
"26/02/2024","4.923,00","4.911,00","4.925,00","4.775,00","","0,29"
"23/02/2024","4.909,00","4.910,00","4.914,00","4.779,00","","-0,04"
"22/02/2024","4.911,00","4.880,00","4.924,00","4.777,00","","0,59"
"21/02/2024","4.882,00","4.903,00","4.909,00","4.772,00","","-0,41"
"20/02/2024","4.902,00","4.890,00","4.911,00","4.752,00","","0,25"
"19/02/2024","4.890,00","4.889,00","4.893,00","4.759,00","","0,02"
"16/02/2024","4.889,00","4.886,00","4.895,00","4.752,00","","0,04"
"15/02/2024","4.887,00","4.869,00","4.892,00","4.736,00","","0,35"
"14/02/2024","4.870,00","4.861,00","4.873,00","4.726,00","","0,21"
"13/02/2024","4.860,00","4.868,00","4.890,00","4.752,00","","-0,95"
"12/02/2024","4.906,50","4.887,00","4.894,00","4.765,00","","0,40"
"09/02/2024","4.887,00","4.885,00","4.891,00","4.757,00","","0,06"
"08/02/2024","4.884,00","4.882,00","4.890,00","4.757,00","","0,04"
"07/02/2024","4.882,00","4.874,00","4.885,00","4.749,00","","0,16"
"06/02/2024","4.874,00","4.868,00","4.875,00","4.743,00","","0,12"
"05/02/2024","4.868,00","4.887,00","4.889,00","4.754,00","","-0,41"
"02/02/2024","4.888,00","4.928,00","4.931,00","4.801,00","","-0,79"
"01/02/2024","4.927,00","4.901,00","4.929,00","4.770,00","","0,51"
"31/01/2024","4.902,00","4.933,00","4.935,00","4.776,00","","-0,63"
"30/01/2024","4.933,00","4.879,00","4.934,00","4.782,00","","0,29"
"29/01/2024","4.918,50","4.916,00","4.936,00","4.865,00","","-0,01"
"26/01/2024","4.919,00","4.914,00","4.951,00","4.786,00","","0,06"
"25/01/2024","4.916,00","4.949,00","4.950,00","4.801,00","","-0,67"
"24/01/2024","4.949,00","4.920,00","4.950,00","4.792,00","","0,61"
"23/01/2024","4.919,00","4.924,00","4.939,00","4.804,00","","-0,94"
"22/01/2024","4.965,50","4.962,00","4.967,00","4.809,00","","0,13"
"19/01/2024","4.959,00","4.888,00","4.960,00","4.803,00","","0,26"
"18/01/2024","4.946,00","4.896,00","4.962,00","4.805,00","","-0,11"
"17/01/2024","4.951,50","4.903,00","4.959,00","4.879,00","","-0,05"
"16/01/2024","4.954,00","4.959,00","4.991,00","4.882,00","","-0,89"
"15/01/2024","4.998,50","4.973,00","5.012,00","4.924,00","","0,51"
"12/01/2024","4.973,00","4.976,00","5.039,00","4.948,00","","-0,04"
"11/01/2024","4.975,00","4.992,00","5.040,00","4.953,00","","-0,34"
"10/01/2024","4.992,00","4.998,00","5.034,00","4.968,00","","-0,10"
"09/01/2024","4.997,00","5.006,00","5.032,00","4.960,00","","-0,18"
"08/01/2024","5.006,00","4.975,00","5.037,00","4.914,00","","0,62"
"05/01/2024","4.975,00","4.977,00","5.041,00","4.939,00","","-0,02"
"04/01/2024","4.976,00","4.966,00","5.026,00","4.963,00","","-0,04"
"03/01/2024","4.978,00","4.978,00","5.013,00","4.952,00","","0,08"
"02/01/2024","4.974,00","5.023,00","5.041,00","4.962,00","","-0,98"
"01/01/2024","5.023,00","5.020,00","5.047,00","5.019,00","","0,06"
"29/12/2023","5.020,00","5.016,00","5.064,00","4.980,00","","0,10"
"28/12/2023","5.015,00","5.042,00","5.080,00","4.905,00","","-0,52"
"27/12/2023","5.041,00","5.013,00","5.057,00","4.986,00","","0,56"
"26/12/2023","5.013,00","5.001,00","5.033,00","4.979,00","","0,24"
"25/12/2023","5.001,00","5.002,00","5.007,00","4.994,00","","-0,02"
"22/12/2023","5.002,00","5.007,00","5.042,00","4.973,00","","-0,10"
"21/12/2023","5.007,00","4.972,00","5.033,00","4.948,00","","0,72"
"20/12/2023","4.971,00","4.994,00","5.013,00","4.952,00","","-0,46"
"19/12/2023","4.994,00","4.970,00","4.999,00","4.938,00","","0,48"
"18/12/2023","4.970,00","4.950,00","4.987,00","4.929,00","","0,40"
"15/12/2023","4.950,00","4.968,00","5.019,00","4.854,00","","-1,26"
"14/12/2023","5.013,00","4.914,00","5.005,00","4.803,00","","1,10"
"13/12/2023","4.958,50","4.921,00","4.943,00","4.877,00","","0,76"
"12/12/2023","4.921,00","4.917,00","4.939,00","4.868,00","","0,06"
"11/12/2023","4.918,00","4.867,00","4.924,00","4.858,00","","0,02"
"08/12/2023","4.917,00","4.929,00","4.932,00","4.862,00","","-0,24"
"07/12/2023","4.929,00","4.904,00","4.940,00","4.866,00","","0,55"
"06/12/2023","4.902,00","4.905,00","4.921,00","4.766,00","","-0,06"
"05/12/2023","4.905,00","4.914,00","4.927,00","4.784,00","","-0,20"
"04/12/2023","4.915,00","4.888,00","4.933,00","4.806,00","","-0,65"
"01/12/2023","4.947,00","4.876,00","4.904,00","4.809,00","","0,09"
"30/11/2023","4.942,50","4.906,00","4.921,00","4.845,00","","-0,68"
"29/11/2023","4.976,50","4.923,00","4.935,00","4.855,00","","-0,27"
"28/11/2023","4.990,00","4.908,00","4.931,00","4.838,00","","0,33"
"27/11/2023","4.973,50","4.900,00","4.910,00","4.830,00","","0,21"
"24/11/2023","4.963,00","4.881,00","4.902,00","4.815,00","","0,27"
"23/11/2023","4.949,50","4.868,00","4.893,00","4.808,00","","0,21"
"22/11/2023","4.939,00","4.876,00","4.889,00","4.820,00","","-0,18"
"21/11/2023","4.948,00","4.881,00","4.911,00","4.790,00","","-0,18"
"20/11/2023","4.957,00","4.889,00","4.906,00","4.817,00","","0,30"
"17/11/2023","4.942,00","4.828,00","4.921,00","4.745,00","","0,64"
"16/11/2023","4.910,50","4.831,00","4.878,00","4.791,00","","-0,02"
"15/11/2023","4.911,50","4.819,00","4.880,00","4.757,00","","-0,01"
"14/11/2023","4.912,00","4.782,00","4.879,00","4.724,00","","1,25"
"13/11/2023","4.851,50","4.792,00","4.820,00","4.685,00","","0,19"
"10/11/2023","4.842,50","4.768,00","4.819,00","4.709,00","","0,09"
"09/11/2023","4.838,00","4.786,00","4.834,00","4.687,00","","-0,37"
"08/11/2023","4.856,00","4.755,00","4.833,00","4.723,00","","0,35"
"07/11/2023","4.839,00","4.768,00","4.835,00","4.734,00","","-0,22"
"06/11/2023","4.849,50","4.774,00","4.847,00","4.725,00","","-0,12"
"03/11/2023","4.855,50","4.736,00","4.844,00","4.670,00","","0,92"
"02/11/2023","4.811,00","4.708,00","4.804,00","4.663,00","","0,53"
"01/11/2023","4.785,50","4.725,00","4.773,00","4.671,00","","-0,23"
"31/10/2023","4.796,50","4.743,00","4.803,00","4.681,00","","-0,35"
"30/10/2023","4.813,50","4.766,00","4.792,00","4.663,00","","0,47"
"27/10/2023","4.791,00","4.717,00","4.780,00","4.652,00","","0,04"
"26/10/2023","4.789,00","4.721,00","4.768,00","4.646,00","","-0,01"
"25/10/2023","4.789,50","4.735,00","4.783,00","4.666,00","","-0,29"
"24/10/2023","4.803,50","4.757,00","4.819,00","4.679,00","","-0,62"
"23/10/2023","4.833,50","4.779,00","4.813,00","4.675,00","","0,76"
"20/10/2023","4.797,00","4.729,00","4.782,00","4.669,00","","-0,05"
"19/10/2023","4.799,50","4.714,00","4.782,00","4.651,00","","0,39"
"18/10/2023","4.781,00","4.726,00","4.773,00","4.670,00","","-0,32"
"17/10/2023","4.796,50","4.736,00","4.781,00","4.654,00","","-0,01"
"16/10/2023","4.797,00","4.745,00","4.766,00","4.644,00","","0,53"
"13/10/2023","4.771,50","4.720,00","4.762,00","4.651,00","","-0,21"
"12/10/2023","4.781,50","4.747,00","4.795,00","4.689,00","","-0,72"
"11/10/2023","4.816,00","4.740,00","4.796,00","4.682,00","","0,14"
"10/10/2023","4.809,50","4.725,00","4.795,00","4.667,00","","0,33"
"09/10/2023","4.793,50","4.771,00","4.774,00","4.659,00","","0,24"
"06/10/2023","4.782,00","4.724,00","4.788,00","4.658,00","","-0,15"
"05/10/2023","4.789,00","4.686,00","4.765,00","4.639,00","","0,64"
"04/10/2023","4.758,50","4.674,00","4.751,00","4.613,00","","0,30"
"03/10/2023","4.744,50","4.692,00","4.734,00","4.602,00","","-0,24"
"02/10/2023","4.756,00","4.771,00","4.775,00","4.662,00","","-1,07"
"29/09/2023","4.807,50","4.753,00","4.782,00","4.666,00","","0,06"
"28/09/2023","4.804,50","4.720,00","4.769,00","4.639,00","","0,61"
"27/09/2023","4.775,50","4.731,00","4.768,00","4.668,00","","-0,47"
"26/09/2023","4.798,00","4.745,00","4.776,00","4.677,00","","-0,22"
"25/09/2023","4.808,50","4.792,00","4.793,00","4.701,00","","-0,47"
"22/09/2023","4.831,00","4.764,00","4.801,00","4.708,00","","-0,07"
"21/09/2023","4.834,50","4.753,00","4.797,00","4.705,00","","0,10"
"20/09/2023","4.829,50","4.762,00","4.818,00","4.716,00","","-0,14"
"19/09/2023","4.836,50","4.746,00","4.813,00","4.666,00","","0,06"
"18/09/2023","4.833,50","4.771,00","4.806,00","4.708,00","","0,51"
"15/09/2023","4.809,00","4.723,00","4.780,00","4.699,00","","-0,04"
"14/09/2023","4.811,00","4.751,00","4.810,00","4.719,00","","-0,67"
"13/09/2023","4.843,50","4.774,00","4.810,00","4.738,00","","-0,36"
"12/09/2023","4.861,00","4.762,00","4.804,00","4.743,00","","0,15"
"11/09/2023","4.853,50","4.779,00","4.803,00","4.728,00","","0,52"
"08/09/2023","4.828,50","4.745,00","4.792,00","4.723,00","","-0,08"
"07/09/2023","4.832,50","4.759,00","4.790,00","4.736,00","","-0,30"
"06/09/2023","4.847,00","4.741,00","4.795,00","4.734,00","","0,18"
"05/09/2023","4.838,50","4.771,00","4.814,00","4.732,00","","-0,61"
"04/09/2023","4.868,00","4.768,00","4.817,00","4.757,00","","0,12"
"01/09/2023","4.862,00","4.809,00","4.845,00","4.765,00","","-0,78"
"31/08/2023","4.900,00","4.848,00","4.878,00","4.807,00","","-0,76"
"30/08/2023","4.937,50","4.832,00","4.883,00","4.805,00","","0,39"
"29/08/2023","4.918,50","4.806,00","4.859,00","4.779,00","","0,52"
"28/08/2023","4.893,00","4.815,00","4.831,00","4.767,00","","-0,01"
"25/08/2023","4.893,50","4.806,00","4.835,00","4.767,00","","0,06"
"24/08/2023","4.890,50","4.801,00","4.902,00","4.796,00","","-0,16"
"23/08/2023","4.898,50","4.787,00","4.844,00","4.774,00","","0,21"
"22/08/2023","4.888,00","4.814,00","4.861,00","4.780,00","","-0,51"
"21/08/2023","4.913,00","4.845,00","4.860,00","4.801,00","","-0,15"
"18/08/2023","4.920,50","4.842,00","4.852,00","4.801,00","","-0,04"
"17/08/2023","4.922,50","4.831,00","4.863,00","4.794,00","","0,06"
"16/08/2023","4.919,50","4.840,00","4.858,00","4.799,00","","-0,17"
"15/08/2023","4.928,00","4.839,00","4.863,00","4.815,00","","-0,01"
"14/08/2023","4.928,50","4.862,00","4.864,00","4.811,00","","-0,11"
"11/08/2023","4.934,00","4.847,00","4.888,00","4.830,00","","-0,31"
"10/08/2023","4.949,50","4.876,00","4.901,00","4.842,00","","1,51"
"09/08/2023","4.876,00","4.868,00","4.886,00","4.836,00","","0,16"
"08/08/2023","4.868,00","4.895,00","4.897,00","4.839,00","","-0,57"
"07/08/2023","4.896,00","4.902,00","4.902,00","4.847,00","","-1,46"
"04/08/2023","4.968,50","4.874,00","4.911,00","4.814,00","","1,94"
"03/08/2023","4.874,00","4.839,00","4.879,00","4.828,00","","-1,25"
"02/08/2023","4.935,50","4.859,00","4.899,00","4.830,00","","-0,43"
"01/08/2023","4.957,00","4.859,00","4.896,00","4.840,00","","-0,05"
"31/07/2023","4.959,50","4.906,00","4.917,00","4.858,00","","-0,21"
"28/07/2023","4.970,00","4.865,00","4.912,00","4.831,00","","0,27"
"27/07/2023","4.956,50","4.895,00","4.956,00","4.860,00","","-0,84"
"26/07/2023","4.998,50","4.885,00","4.950,00","4.878,00","","0,26"
"25/07/2023","4.985,50","4.879,00","4.946,00","4.816,00","","0,03"
"24/07/2023","4.984,00","4.951,00","4.953,00","4.808,00","","-0,65"
"21/07/2023","5.016,50","4.966,00","4.971,00","4.784,00","","1,04"
"20/07/2023","4.965,00","4.996,00","5.010,00","4.939,00","","-0,62"
"19/07/2023","4.996,00","4.990,00","5.012,00","4.841,00","","-0,89"
"18/07/2023","5.041,00","5.018,00","5.030,00","4.889,00","","0,42"
"17/07/2023","5.020,00","5.036,00","5.049,00","4.956,00","","-0,26"
"14/07/2023","5.033,00","5.007,00","5.059,00","4.942,00","","-1,03"
"13/07/2023","5.085,50","5.014,00","5.053,00","4.916,00","","0,37"
"12/07/2023","5.067,00","4.969,00","5.032,00","4.854,00","","1,01"
"11/07/2023","5.016,50","4.968,00","4.980,00","4.858,00","","0,04"
"10/07/2023","5.014,50","4.949,00","4.969,00","4.818,00","","0,28"
"07/07/2023","5.000,50","4.915,00","4.957,00","4.809,00","","0,77"
"06/07/2023","4.962,50","4.886,00","4.918,00","4.793,00","","0,49"
"05/07/2023","4.938,50","4.895,00","4.911,00","4.803,00","","-0,23"
"04/07/2023","4.950,00","4.906,00","4.916,00","4.819,00","","-0,26"
"03/07/2023","4.963,00","4.921,00","4.925,00","4.817,00","","-0,09"
"30/06/2023","4.967,50","4.897,00","4.930,00","4.798,00","","0,39"
"29/06/2023","4.948,00","4.912,00","4.932,00","4.819,00","","-0,37"
"28/06/2023","4.966,50","4.934,00","4.936,00","4.839,00","","-0,44"
"27/06/2023","4.988,50","4.898,00","4.941,00","4.816,00","","0,64"
"26/06/2023","4.957,00","4.876,00","4.914,00","4.814,00","","0,14"
"23/06/2023","4.950,00","4.911,00","4.918,00","4.837,00","","-0,52"
"22/06/2023","4.976,00","4.918,00","4.939,00","4.852,00","","-0,20"
"21/06/2023","4.986,00","4.877,00","4.920,00","4.822,00","","0,74"
"20/06/2023","4.949,50","4.873,00","4.898,00","4.823,00","","0,02"
"19/06/2023","4.948,50","4.869,00","4.880,00","4.819,00","","-0,08"
"16/06/2023","4.952,50","4.858,00","4.887,00","4.833,00","","0,12"
"15/06/2023","4.946,50","4.799,00","4.874,00","4.715,00","","1,11"
"14/06/2023","4.892,00","4.769,00","4.814,00","4.747,00","","0,49"
"13/06/2023","4.868,00","4.747,00","4.784,00","4.665,00","","0,39"
"12/06/2023","4.849,00","4.730,00","4.768,00","4.722,00","","2,54"
"09/06/2023","4.729,00","4.734,00","4.759,00","4.716,00","","-0,11"
"08/06/2023","4.734,00","4.697,00","4.742,00","4.696,00","","0,79"
"07/06/2023","4.697,00","4.695,00","4.725,00","4.684,00","","0,02"
"06/06/2023","4.696,00","4.704,00","4.722,00","4.672,00","","-0,17"
"05/06/2023","4.704,00","4.688,00","4.714,00","4.684,00","","0,06"
"02/06/2023","4.701,00","4.726,00","4.733,00","4.684,00","","-0,51"
"01/06/2023","4.725,00","4.694,00","4.729,00","4.671,00","","0,66"
"31/05/2023","4.694,00","4.714,00","4.715,00","4.650,00","","-0,42"
"30/05/2023","4.714,00","4.702,00","4.717,00","4.684,00","","0,28"
"29/05/2023","4.701,00","4.710,00","4.718,00","4.701,00","","-0,19"
"26/05/2023","4.710,00","4.706,00","4.723,00","4.679,00","","0,08"
"25/05/2023","4.706,00","4.721,00","4.725,00","4.684,00","","-0,32"
"24/05/2023","4.721,00","4.732,00","4.743,00","4.696,00","","-0,23"
"23/05/2023","4.732,00","4.729,00","4.753,00","4.711,00","","-0,88"
"22/05/2023","4.774,00","4.738,00","4.757,00","4.728,00","","0,87"
"19/05/2023","4.733,00","4.719,00","4.752,00","4.714,00","","0,30"
"18/05/2023","4.719,00","4.749,00","4.753,00","4.713,00","","-0,63"
"17/05/2023","4.749,00","4.759,00","4.771,00","4.721,00","","-0,21"
"16/05/2023","4.759,00","4.746,00","4.785,00","4.737,00","","-0,65"
"15/05/2023","4.790,00","4.756,00","4.773,00","4.738,00","","0,34"
"12/05/2023","4.774,00","4.758,00","4.790,00","4.729,00","","-0,61"
"11/05/2023","4.803,50","4.810,00","4.818,00","4.758,00","","-0,14"
"10/05/2023","4.810,00","4.801,00","4.821,00","4.790,00","","0,19"
"09/05/2023","4.801,00","4.819,00","4.819,00","4.777,00","","-0,37"
"08/05/2023","4.819,00","4.836,00","4.841,00","4.806,00","","-0,23"
"05/05/2023","4.830,00","4.827,00","4.843,00","4.796,00","","0,06"
"04/05/2023","4.827,00","4.847,00","4.862,00","4.800,00","","-0,43"
"03/05/2023","4.848,00","4.826,00","4.851,00","4.797,00","","0,44"
"02/05/2023","4.827,00","4.817,00","4.831,00","4.792,00","","0,19"
"01/05/2023","4.818,00","4.844,00","4.845,00","4.793,00","","-0,41"
"28/04/2023","4.838,00","4.843,00","4.848,00","4.797,00","","-0,10"
"27/04/2023","4.843,00","4.860,00","4.870,00","4.812,00","","-0,35"
"26/04/2023","4.860,00","4.829,00","4.884,00","4.823,00","","0,62"
"25/04/2023","4.830,00","4.862,00","4.872,00","4.802,00","","-0,64"
"24/04/2023","4.861,00","4.834,00","4.864,00","4.823,00","","0,58"
"21/04/2023","4.833,00","4.825,00","4.835,00","4.793,00","","0,19"
"20/04/2023","4.824,00","4.816,00","4.834,00","4.798,00","","0,17"
"19/04/2023","4.816,00","4.818,00","4.827,00","4.766,00","","-0,06"
"18/04/2023","4.819,00","4.757,00","4.820,00","4.756,00","","1,28"
"17/04/2023","4.758,00","4.785,00","4.812,00","4.751,00","","-0,67"
"14/04/2023","4.790,00","4.808,00","4.851,00","4.779,00","","-0,37"
"13/04/2023","4.808,00","4.786,00","4.837,00","4.780,00","","0,46"
"12/04/2023","4.786,00","4.751,00","4.797,00","4.728,00","","0,72"
"11/04/2023","4.752,00","4.730,00","4.759,00","4.727,00","","0,49"
"10/04/2023","4.729,00","4.747,00","4.754,00","4.700,00","","-0,36"
"07/04/2023","4.746,00","4.756,00","4.758,00","4.732,00","","-0,21"
"06/04/2023","4.756,00","4.741,00","4.763,00","4.704,00","","0,27"
"05/04/2023","4.743,00","4.756,00","4.769,00","4.624,00","","-0,27"
"04/04/2023","4.756,00","4.728,00","4.766,00","4.602,00","","0,59"
"03/04/2023","4.728,00","4.683,00","4.737,00","4.561,00","","1,03"
"31/03/2023","4.680,00","4.708,00","4.721,00","4.602,00","","-0,57"
"30/03/2023","4.707,00","4.660,00","4.718,00","4.574,00","","0,99"
"29/03/2023","4.661,00","4.661,00","4.669,00","4.575,00","","0,00"
"28/03/2023","4.661,00","4.641,00","4.681,00","4.558,00","","0,43"
"27/03/2023","4.641,00","4.627,00","4.657,00","4.545,00","","0,35"
"24/03/2023","4.625,00","4.654,00","4.659,00","4.568,00","","-0,64"
"23/03/2023","4.655,00","4.667,00","4.699,00","4.585,00","","-0,26"
"22/03/2023","4.667,00","4.629,00","4.692,00","4.545,00","","0,80"
"21/03/2023","4.630,00","4.609,00","4.636,00","4.523,00","","0,46"
"20/03/2023","4.609,00","4.594,00","4.613,00","4.504,00","","0,61"
"17/03/2023","4.581,00","4.556,00","4.589,00","4.480,00","","0,57"
"16/03/2023","4.555,00","4.595,00","4.655,00","4.463,00","","-0,87"
"15/03/2023","4.595,00","4.601,00","4.613,00","4.500,00","","-0,13"
"14/03/2023","4.601,00","4.600,00","4.610,00","4.522,00","","0,02"
"13/03/2023","4.600,00","4.564,00","4.608,00","4.506,00","","0,81"
"10/03/2023","4.563,00","4.536,00","4.590,00","4.466,00","","0,60"
"09/03/2023","4.536,00","4.520,00","4.541,00","4.452,00","","0,33"
"08/03/2023","4.521,00","4.523,00","4.533,00","4.451,00","","-0,02"
"07/03/2023","4.522,00","4.579,00","4.585,00","4.509,00","","-1,22"
"06/03/2023","4.578,00","4.553,00","4.585,00","4.485,00","","0,42"
"03/03/2023","4.559,00","4.544,00","4.561,00","4.474,00","","0,35"
"02/03/2023","4.543,00","4.573,00","4.576,00","4.501,00","","-0,68"
"01/03/2023","4.574,00","4.534,00","4.581,00","4.460,00","","0,86"
"28/02/2023","4.535,00","4.546,00","4.563,00","4.469,00","","-0,29"
"27/02/2023","4.548,00","4.519,00","4.552,00","4.451,00","","0,57"
"24/02/2023","4.522,00","4.524,00","4.551,00","4.473,00","","-0,04"
"23/02/2023","4.524,00","4.546,00","4.556,00","4.476,00","","-0,46"
"22/02/2023","4.545,00","4.559,00","4.572,00","4.495,00","","-0,33"
"21/02/2023","4.560,00","4.581,00","4.586,00","4.507,00","","-0,44"
"20/02/2023","4.580,00","4.577,00","4.589,00","4.505,00","","-0,02"
"17/02/2023","4.581,00","4.576,00","4.587,00","4.496,00","","0,15"
"16/02/2023","4.574,00","4.583,00","4.597,00","4.511,00","","-0,20"
"15/02/2023","4.583,00","4.603,00","4.606,00","4.531,00","","-0,43"
"14/02/2023","4.603,00","4.615,00","4.635,00","4.526,00","","-0,28"
"13/02/2023","4.616,00","4.597,00","4.619,00","4.498,00","","0,41"
"10/02/2023","4.597,00","4.617,00","4.620,00","4.528,00","","-0,43"
"09/02/2023","4.617,00","4.601,00","4.640,00","4.521,00","","0,35"
"08/02/2023","4.601,00","4.603,00","4.618,00","4.527,00","","-0,07"
"07/02/2023","4.604,00","4.597,00","4.621,00","4.527,00","","0,13"
"06/02/2023","4.598,00","4.616,00","4.620,00","4.553,00","","-0,43"
"03/02/2023","4.618,00","4.667,00","4.679,00","4.598,00","","-1,07"
"02/02/2023","4.668,00","4.701,00","4.718,00","4.641,00","","-0,72"
"01/02/2023","4.702,00","4.642,00","4.707,00","4.581,00","","1,29"
"31/01/2023","4.642,00","4.633,00","4.647,00","4.579,00","","0,24"
"30/01/2023","4.631,00","4.629,00","4.654,00","4.587,00","","0,50"
"27/01/2023","4.608,00","4.636,00","4.641,00","4.598,00","","-0,60"
"26/01/2023","4.636,00","4.647,00","4.653,00","4.604,00","","-0,24"
"25/01/2023","4.647,00","4.631,00","4.650,00","4.593,00","73,27K","-1,39"
"24/01/2023","4.712,50","4.622,00","4.637,00","4.588,00","69,96K","1,91"
"23/01/2023","4.624,00","4.638,00","4.667,00","4.586,00","72,12K","-0,26"
"20/01/2023","4.636,00","4.652,00","4.664,00","4.572,00","77,69K","-0,32"
"19/01/2023","4.651,00","4.663,00","4.753,00","4.554,00","103,08K","-0,30"
"18/01/2023","4.665,00","4.703,00","4.808,00","4.661,00","110,05K","-0,81"
"17/01/2023","4.703,00","4.808,00","4.829,00","4.675,00","109,15K","-2,16"
"16/01/2023","4.807,00","4.814,00","4.849,00","4.740,00","66,67K","-0,10"
"13/01/2023","4.812,00","4.855,00","4.867,00","4.768,00","98,46K","-2,27"
"12/01/2023","4.924,00","4.847,00","4.870,00","4.783,00","96,49K","0,53"
"11/01/2023","4.898,00","4.838,00","4.857,00","4.768,00","88,49K","0,19"
"10/01/2023","4.888,50","4.813,00","4.849,00","4.764,00","95,40K","0,26"
"09/01/2023","4.876,00","4.730,00","4.830,00","4.726,00","88,08K","0,85"
"06/01/2023","4.835,00","4.710,00","4.773,00","4.675,00","95,40K","1,25"
"05/01/2023","4.775,50","4.741,00","4.759,00","4.674,00","82,33K","-0,69"
"04/01/2023","4.808,50","4.704,00","4.753,00","4.687,00","91,23K","2,20"
"03/01/2023","4.705,00","4.757,00","4.766,00","4.683,00","95,64K","-1,09"
"02/01/2023","4.757,00","4.756,00","4.775,00","4.733,00","21,56K","-0,36"
"30/12/2022","4.774,00","4.753,00","4.779,00","4.733,00","72,03K","0,44"
"29/12/2022","4.753,00","4.727,00","4.766,00","4.721,00","60,27K","0,53"
"28/12/2022","4.728,00","4.733,00","4.756,00","4.713,00","56,52K","-0,08"
"27/12/2022","4.732,00","4.727,00","4.746,00","4.635,00","68,89K","0,13"
"26/12/2022","4.726,00","4.705,00","4.727,00","4.700,00","17,94K","0,40"
"23/12/2022","4.707,00","4.693,00","4.715,00","4.683,00","94,87K","0,30"
"22/12/2022","4.693,00","4.693,00","4.718,00","4.680,00","97,83K","0,02"
"21/12/2022","4.692,00","4.687,00","4.710,00","4.679,00","87,34K","0,13"
"20/12/2022","4.686,00","4.674,00","4.706,00","4.661,00","131,24K","0,26"
"19/12/2022","4.674,00","4.667,00","4.697,00","4.650,00","92,33K","0,21"
"16/12/2022","4.664,00","4.681,00","4.698,00","4.659,00","98,05K","-0,36"
"15/12/2022","4.681,00","4.695,00","4.729,00","4.661,00","97,24K","-0,32"
"14/12/2022","4.696,00","4.676,00","4.701,00","4.664,00","94,28K","0,43"
"13/12/2022","4.676,00","4.624,00","4.695,00","4.591,00","77,51K","1,10"
"12/12/2022","4.625,00","4.621,00","4.644,00","4.605,00","73,41K","0,04"
"09/12/2022","4.623,00","4.598,00","4.642,00","4.585,00","82,79K","0,57"
"08/12/2022","4.597,00","4.596,00","4.625,00","4.589,00","90,88K","0,02"
"07/12/2022","4.596,00","4.569,00","4.615,00","4.557,00","103,24K","0,57"
"06/12/2022","4.570,00","4.580,00","4.597,00","4.551,00","85,04K","-0,24"
"05/12/2022","4.581,00","4.584,00","4.623,00","4.572,00","91,88K","-0,28"
"02/12/2022","4.594,00","4.587,00","4.596,00","4.536,00","83,24K","0,15"
"01/12/2022","4.587,00","4.524,00","4.591,00","4.517,00","109,32K","1,39"
"30/11/2022","4.524,00","4.492,00","4.536,00","4.473,00","93,17K","0,71"
"29/11/2022","4.492,00","4.499,00","4.523,00","4.478,00","76,21K","-0,16"
"28/11/2022","4.499,00","4.482,00","4.550,00","4.376,00","79,07K","0,25"
"25/11/2022","4.488,00","4.504,00","4.513,00","4.393,00","71,22K","-0,36"
"24/11/2022","4.504,00","4.489,00","4.513,00","4.390,00","69,60K","0,33"
"23/11/2022","4.489,00","4.446,00","4.492,00","4.350,00","75,55K","0,97"
"22/11/2022","4.446,00","4.407,00","4.448,00","4.323,00","80,22K","0,88"
"21/11/2022","4.407,00","4.442,00","4.444,00","4.359,00","82,83K","-0,65"
"18/11/2022","4.436,00","4.448,00","4.467,00","4.374,00","96,16K","-0,27"
"17/11/2022","4.448,00","4.458,00","4.468,00","4.387,00","99,51K","-0,22"
"16/11/2022","4.458,00","4.437,00","4.480,00","4.367,00","104,40K","0,43"
"15/11/2022","4.439,00","4.427,00","4.496,00","4.358,00","105,58K","0,25"
"14/11/2022","4.428,00","4.437,00","4.442,00","4.354,00","104,03K","-0,07"
"11/11/2022","4.431,00","4.355,00","4.436,00","4.301,00","114,93K","1,72"
"10/11/2022","4.356,00","4.284,00","4.373,00","4.225,00","129,86K","1,68"
"09/11/2022","4.284,00","4.293,00","4.316,00","4.248,00","118,19K","-0,21"
"08/11/2022","4.293,00","4.267,00","4.310,00","4.228,00","101,80K","0,63"
"07/11/2022","4.266,00","4.211,00","4.284,00","4.187,00","95,19K","0,31"
"04/11/2022","4.253,00","4.153,00","4.255,00","4.115,00","86,81K","2,38"
"03/11/2022","4.154,00","4.182,00","4.191,00","4.141,00","77,01K","-0,67"
"02/11/2022","4.182,00","4.201,00","4.243,00","4.168,00","78,27K","-0,45"
"01/11/2022","4.201,00","4.204,00","4.235,00","4.173,00","72,04K","-0,10"
"31/10/2022","4.205,00","4.227,00","4.238,00","4.194,00","75,90K","-0,71"
"28/10/2022","4.235,00","4.232,00","4.246,00","4.201,00","77,33K","0,09"
"27/10/2022","4.231,00","4.269,00","4.280,00","4.224,00","111,98K","-1,65"
"26/10/2022","4.302,00","4.227,00","4.281,00","4.203,00","85,39K","1,77"
"25/10/2022","4.227,00","4.154,00","4.232,00","4.154,00","75,05K","1,73"
"24/10/2022","4.155,00","4.150,00","4.198,00","4.137,00","91,67K","-1,11"
"21/10/2022","4.201,50","4.141,00","4.180,00","4.109,00","93,71K","0,65"
"20/10/2022","4.174,50","4.141,00","4.167,00","4.106,00","93,65K","0,07"
"19/10/2022","4.171,50","4.157,00","4.165,00","4.102,00","89,78K","-0,64"
"18/10/2022","4.198,50","4.153,00","4.167,00","4.133,00","100,04K","0,13"
"17/10/2022","4.193,00","4.113,00","4.160,00","4.087,00","89,02K","1,13"
"14/10/2022","4.146,00","4.108,00","4.145,00","4.071,00","109,64K","-0,25"
"13/10/2022","4.156,50","4.086,00","4.132,00","4.061,00","96,38K","0,63"
"12/10/2022","4.130,50","4.089,00","4.101,00","4.055,00","94,27K","-0,01"
"11/10/2022","4.131,00","4.076,00","4.114,00","4.056,00","127,90K","0,16"
"10/10/2022","4.124,50","4.073,00","4.097,00","4.048,00","97,74K","-0,40"
"07/10/2022","4.141,00","4.109,00","4.123,00","4.070,00","79,53K","-0,47"
"06/10/2022","4.160,50","4.145,00","4.166,00","4.097,00","90,19K","-0,91"
"05/10/2022","4.198,50","4.191,00","4.195,00","4.116,00","89,74K","-1,04"
"04/10/2022","4.242,50","4.061,00","4.198,00","4.055,00","87,14K","4,50"
"03/10/2022","4.060,00","4.108,00","4.134,00","4.037,00","98,27K","-2,44"
"30/09/2022","4.161,50","4.076,00","4.128,00","3.963,00","95,10K","0,30"
"29/09/2022","4.149,00","4.041,00","4.090,00","4.000,00","97,31K","0,84"
"28/09/2022","4.114,50","4.000,00","4.048,00","3.945,00","105,49K","1,27"
"27/09/2022","4.063,00","3.997,00","4.025,00","3.960,00","105,19K","-0,05"
"26/09/2022","4.065,00","4.002,00","4.036,00","3.971,00","110,36K","-0,78"
"23/09/2022","4.097,00","4.087,00","4.093,00","3.991,00","91,93K","-1,44"
"22/09/2022","4.157,00","4.070,00","4.102,00","4.034,00","104,64K","0,17"
"21/09/2022","4.150,00","4.125,00","4.127,00","4.043,00","88,50K","-1,33"
"20/09/2022","4.206,00","4.131,00","4.154,00","4.080,00","73,99K","-0,36"
"19/09/2022","4.221,00","4.136,00","4.145,00","4.084,00","64,18K","-0,02"
"16/09/2022","4.222,00","4.130,00","4.144,00","4.078,00","74,01K","0,14"
"15/09/2022","4.216,00","4.121,00","4.137,00","4.092,00","70,25K","0,19"
"14/09/2022","4.208,00","4.120,00","4.139,00","4.099,00","88,51K","0,11"
"13/09/2022","4.203,50","4.179,00","4.209,00","4.088,00","78,72K","-1,45"
"12/09/2022","4.265,50","4.145,00","4.201,00","4.137,00","63,02K","1,03"
"09/09/2022","4.222,00","4.129,00","4.164,00","4.104,00","77,49K","0,19"
"08/09/2022","4.214,00","4.113,00","4.142,00","4.070,00","87,42K","0,14"
"07/09/2022","4.208,00","4.082,00","4.126,00","4.049,00","83,37K","0,89"
"06/09/2022","4.171,00","4.092,00","4.116,00","4.036,00","102,05K","-0,24"
"05/09/2022","4.181,00","4.091,00","4.099,00","4.050,00","67,60K","-0,13"
"02/09/2022","4.186,50","4.090,00","4.126,00","4.065,00","69,72K","0,07"
"01/09/2022","4.183,50","4.134,00","4.135,00","4.057,00","86,95K","-1,12"
"31/08/2022","4.231,00","4.116,00","4.145,00","4.089,00","88,20K","0,46"
"30/08/2022","4.211,50","4.111,00","4.133,00","4.098,00","91,25K","0,14"
"29/08/2022","4.205,50","4.103,00","4.125,00","4.072,00","60,28K","0,38"
"26/08/2022","4.189,50","4.103,00","4.147,00","4.069,00","62,00K","-0,17"
"25/08/2022","4.196,50","4.102,00","4.130,00","4.066,00","83,61K","0,05"
"24/08/2022","4.194,50","4.102,00","4.116,00","4.057,00","68,68K","0,00"
"23/08/2022","4.194,50","4.078,00","4.122,00","4.061,00","83,02K","2,86"
"22/08/2022","4.078,00","4.126,00","4.129,00","4.071,00","87,99K","-1,50"
"19/08/2022","4.140,00","4.146,00","4.176,00","4.097,00","77,30K","-2,43"
"18/08/2022","4.243,00","4.171,00","4.228,00","4.121,00","78,92K","1,73"
"17/08/2022","4.171,00","4.181,00","4.188,00","4.150,00","92,09K","-0,26"
"16/08/2022","4.182,00","4.135,00","4.187,00","4.132,00","63,60K","0,25"
"15/08/2022","4.171,50","4.204,00","4.206,00","4.133,00","65,01K","-0,73"
"12/08/2022","4.202,00","4.244,00","4.250,00","4.162,00","80,52K","-3,21"
"11/08/2022","4.341,50","4.237,00","4.265,00","4.179,00","85,66K","0,20"
"10/08/2022","4.333,00","4.203,00","4.284,00","4.184,00","89,59K","0,83"
"09/08/2022","4.297,50","4.191,00","4.239,00","4.171,00","81,64K","0,22"
"08/08/2022","4.288,00","4.178,00","4.223,00","4.155,00","68,39K","0,00"
"05/08/2022","4.288,00","4.222,00","4.225,00","4.149,00","83,70K","-0,60"
"04/08/2022","4.314,00","4.182,00","4.240,00","4.163,00","80,45K","0,88"
"03/08/2022","4.276,50","4.182,00","4.206,00","4.153,00","80,95K","-0,02"
"02/08/2022","4.277,50","4.222,00","4.236,00","4.149,00","103,21K","-0,94"
"01/08/2022","4.318,00","4.184,00","4.240,00","4.179,00","85,20K","0,37"
"29/07/2022","4.302,00","4.206,00","4.230,00","4.156,00","83,00K","0,16"
"28/07/2022","4.295,00","4.208,00","4.223,00","4.140,00","107,56K","-0,10"
"27/07/2022","4.299,50","4.173,00","4.217,00","4.144,00","76,91K","0,89"
"26/07/2022","4.261,50","4.211,00","4.225,00","4.141,00","80,08K","-0,99"
"25/07/2022","4.304,00","4.201,00","4.226,00","4.183,00","78,05K","0,05"
"22/07/2022","4.302,00","4.204,00","4.230,00","4.167,00","73,78K","0,00"
"21/07/2022","4.302,00","4.193,00","4.224,00","4.156,00","106,35K","0,39"
"20/07/2022","4.285,50","4.217,00","4.238,00","4.150,00","93,94K","-0,51"
"19/07/2022","4.307,50","4.144,00","4.233,00","4.133,00","80,80K","3,92"
"18/07/2022","4.145,00","4.150,00","4.186,00","4.120,00","75,31K","-2,34"
"15/07/2022","4.244,50","4.105,00","4.154,00","4.100,00","78,06K","3,40"
"14/07/2022","4.105,00","4.122,00","4.124,00","4.078,00","89,59K","-0,44"
"13/07/2022","4.123,00","4.104,00","4.148,00","4.084,00","83,01K","0,46"
"12/07/2022","4.104,00","4.103,00","4.119,00","4.088,00","88,80K","0,02"
"11/07/2022","4.103,00","4.161,00","4.165,00","4.101,00","78,10K","-1,37"
"08/07/2022","4.160,00","4.151,00","4.170,00","4.115,00","91,56K","0,22"
"07/07/2022","4.151,00","4.153,00","4.175,00","4.143,00","87,97K","-0,05"
"06/07/2022","4.153,00","4.189,00","4.193,00","4.140,00","96,98K","-0,84"
"05/07/2022","4.188,00","4.236,00","4.252,00","4.170,00","86,26K","-1,16"
"04/07/2022","4.237,00","4.239,00","4.258,00","4.223,00","69,87K","-0,05"
"01/07/2022","4.239,00","4.239,00","4.251,00","4.210,00","68,91K","-0,02"
"30/06/2022","4.240,00","4.228,00","4.251,00","4.214,00","84,92K","0,28"
"29/06/2022","4.228,00","4.259,00","4.275,00","4.225,00","91,48K","-0,75"
"28/06/2022","4.260,00","4.276,00","4.294,00","4.253,00","94,06K","-0,37"
"27/06/2022","4.276,00","4.277,00","4.297,00","4.256,00","87,52K","-0,48"
"24/06/2022","4.296,50","4.257,00","4.284,00","4.251,00","89,05K","0,93"
"23/06/2022","4.257,00","4.250,00","4.269,00","4.216,00","112,06K","-0,80"
"22/06/2022","4.291,50","4.247,00","4.280,00","4.223,00","84,98K","0,22"
"21/06/2022","4.282,00","4.236,00","4.270,00","4.225,00","84,57K","0,21"
"20/06/2022","4.273,00","4.207,00","4.249,00","4.207,00","77,60K","0,32"
"17/06/2022","4.259,50","4.235,00","4.239,00","4.191,00","86,09K","-0,49"
"16/06/2022","4.280,50","4.188,00","4.256,00","4.167,00","139,94K","1,07"
"15/06/2022","4.235,00","4.181,00","4.216,00","4.153,00","105,80K","0,19"
"14/06/2022","4.227,00","4.172,00","4.218,00","4.166,00","87,91K","0,19"
"13/06/2022","4.219,00","4.207,00","4.209,00","4.168,00","76,13K","-1,04"
"10/06/2022","4.263,50","4.248,00","4.265,00","4.207,00","70,55K","-0,86"
"09/06/2022","4.300,50","4.292,00","4.311,00","4.236,00","80,51K","-0,97"
"08/06/2022","4.342,50","4.281,00","4.304,00","4.262,00","58,03K","0,18"
"07/06/2022","4.334,50","4.279,00","4.287,00","4.253,00","62,91K","0,05"
"06/06/2022","4.332,50","4.275,00","4.303,00","4.262,00","61,72K","-0,24"
"03/06/2022","4.343,00","4.292,00","4.303,00","4.272,00","38,04K","-0,17"
"02/06/2022","4.350,50","4.248,00","4.295,00","4.247,00","53,93K","0,99"
"01/06/2022","4.308,00","4.287,00","4.289,00","4.239,00","58,41K","-0,85"
"31/05/2022","4.345,00","4.300,00","4.300,00","4.259,00","73,01K","-0,34"
"30/05/2022","4.360,00","4.282,00","4.304,00","4.278,00","55,27K","0,47"
"27/05/2022","4.339,50","4.274,00","4.289,00","4.252,00","65,31K","0,08"
"26/05/2022","4.336,00","4.257,00","4.276,00","4.248,00","65,40K","0,42"
"25/05/2022","4.318,00","4.274,00","4.276,00","4.239,00","74,62K","-0,45"
"24/05/2022","4.337,50","4.258,00","4.279,00","4.245,00","69,75K","0,38"
"23/05/2022","4.321,00","4.217,00","4.265,00","4.211,00","73,01K","1,21"
"20/05/2022","4.269,50","4.223,00","4.226,00","4.197,00","80,23K","-0,32"
"19/05/2022","4.283,00","4.176,00","4.232,00","4.168,00","80,02K","1,16"
"18/05/2022","4.234,00","4.208,00","4.214,00","4.172,00","80,64K","-0,76"
"17/05/2022","4.266,50","4.165,00","4.215,00","4.164,00","77,69K","1,07"
"16/05/2022","4.221,50","4.145,00","4.172,00","4.139,00","64,17K","0,30"
"13/05/2022","4.209,00","4.144,00","4.160,00","4.128,00","76,72K","0,21"
"12/05/2022","4.200,00","4.194,00","4.199,00","4.122,00","104,65K","0,14"
"11/05/2022","4.194,00","4.200,00","4.219,00","4.182,00","109,00K","-1,53"
"10/05/2022","4.259,00","4.209,00","4.221,00","4.199,00","72,71K","-0,22"
"09/05/2022","4.268,50","4.210,00","4.225,00","4.183,00","67,72K","0,01"
"06/05/2022","4.268,00","4.206,00","4.226,00","4.178,00","85,10K","1,47"
"05/05/2022","4.206,00","4.202,00","4.244,00","4.181,00","86,55K","-1,71"
"04/05/2022","4.279,00","4.190,00","4.240,00","4.186,00","65,39K","0,60"
"03/05/2022","4.253,50","4.188,00","4.220,00","4.185,00","69,56K","0,15"
"02/05/2022","4.247,00","4.210,00","4.213,00","4.179,00","50,43K","-0,38"
"29/04/2022","4.263,00","4.243,00","4.282,50","4.194,00","88,22K","0,44"
"28/04/2022","4.244,50","4.267,50","4.273,50","4.177,00","90,12K","-0,54"
"27/04/2022","4.267,50","4.298,00","4.309,00","4.206,50","90,56K","-0,70"
"26/04/2022","4.297,50","4.328,00","4.344,50","4.246,50","92,03K","-0,70"
"25/04/2022","4.328,00","4.342,50","4.369,50","4.269,50","98,99K","-0,81"
"22/04/2022","4.363,50","4.381,50","4.388,00","4.305,00","75,49K","-0,40"
"21/04/2022","4.381,00","4.386,50","4.421,50","4.327,00","86,76K","-0,15"
"20/04/2022","4.387,50","4.361,00","4.396,00","4.309,00","84,85K","0,61"
"19/04/2022","4.361,00","4.356,50","4.372,50","4.296,00","78,67K","0,13"
"18/04/2022","4.355,50","4.328,50","4.377,00","4.307,50","35,34K","-0,25"
"15/04/2022","4.366,50","4.378,50","4.380,50","4.319,00","41,08K","-0,30"
"14/04/2022","4.379,50","4.398,50","4.417,50","4.310,50","87,74K","-0,42"
"13/04/2022","4.398,00","4.378,00","4.407,00","4.311,00","75,86K","0,45"
"12/04/2022","4.378,50","4.399,00","4.409,50","4.321,00","55,90K","-0,48"
"11/04/2022","4.399,50","4.423,00","4.430,00","4.340,50","62,02K","-0,02"
"08/04/2022","4.400,50","4.399,50","4.406,50","4.327,00","57,38K","0,01"
"07/04/2022","4.400,00","4.404,50","4.424,00","4.334,50","64,13K","-0,10"
"06/04/2022","4.404,50","4.408,50","4.424,00","4.337,50","58,68K","-0,09"
"05/04/2022","4.408,50","4.435,50","4.442,00","4.359,50","51,43K","-0,59"
"04/04/2022","4.434,50","4.404,50","4.466,00","4.364,00","71,05K","-0,71"
"01/04/2022","4.466,00","4.466,50","4.473,50","4.390,50","97,40K","-0,03"
"31/03/2022","4.467,50","4.502,50","4.520,00","4.403,50","77,98K","-0,78"
"30/03/2022","4.502,50","4.470,50","4.516,00","4.413,00","83,37K","0,72"
"29/03/2022","4.470,50","4.440,00","4.501,50","4.392,00","86,03K","0,68"
"28/03/2022","4.440,50","4.396,50","4.448,50","4.370,00","59,21K","-0,02"
"25/03/2022","4.441,50","4.442,50","4.462,00","4.377,00","55,76K","-0,03"
"24/03/2022","4.443,00","4.449,00","4.454,50","4.376,50","54,83K","-0,15"
"23/03/2022","4.449,50","4.455,00","4.462,50","4.375,50","63,69K","-0,12"
"22/03/2022","4.455,00","4.455,00","4.466,50","4.380,00","68,36K","0,02"
"21/03/2022","4.454,00","4.424,00","4.475,50","4.400,00","64,92K","-0,26"
"18/03/2022","4.465,50","4.478,00","4.491,50","4.397,50","59,97K","-0,28"
"17/03/2022","4.478,00","4.464,50","4.503,00","4.399,00","77,81K","0,34"
"16/03/2022","4.463,00","4.430,50","4.468,50","4.376,00","84,32K","0,76"
"15/03/2022","4.429,50","4.425,00","4.460,50","4.370,00","81,52K","0,09"
"14/03/2022","4.425,50","4.426,00","4.447,00","4.361,50","69,61K","0,27"
"11/03/2022","4.413,50","4.438,50","4.467,50","4.364,50","88,14K","-0,57"
"10/03/2022","4.439,00","4.484,50","4.495,50","4.388,50","89,37K","-1,03"
"09/03/2022","4.485,00","4.401,50","4.492,50","4.352,50","101,15K","1,92"
"08/03/2022","4.400,50","4.389,00","4.427,50","4.336,00","100,74K","0,26"
"07/03/2022","4.389,00","4.436,00","4.436,00","4.309,00","100,29K","-0,81"
"04/03/2022","4.425,00","4.422,00","4.451,50","4.335,50","84,00K","0,20"
"03/03/2022","4.416,00","4.434,50","4.452,50","4.399,00","79,77K","-0,16"
"02/03/2022","4.423,00","4.439,50","4.458,50","4.410,00","80,14K","-0,11"
"01/03/2022","4.428,00","4.476,00","4.487,00","4.413,00","89,64K","-0,83"
"28/02/2022","4.465,00","4.458,50","4.494,50","4.434,00","86,87K","-0,36"
"25/02/2022","4.481,00","4.464,00","4.500,00","4.442,50","79,91K","0,67"
"24/02/2022","4.451,00","4.508,00","4.508,50","4.427,00","104,00K","-0,87"
"23/02/2022","4.490,00","4.513,50","4.526,50","4.489,50","64,90K","-0,13"
"22/02/2022","4.496,00","4.506,00","4.533,50","4.490,00","86,19K","0,20"
"21/02/2022","4.487,00","4.502,50","4.537,50","4.494,50","51,59K","-0,11"
"18/02/2022","4.492,00","4.524,50","4.531,50","4.442,00","64,60K","-0,24"
"17/02/2022","4.503,00","4.528,50","4.533,50","4.499,00","81,02K","-0,09"
"16/02/2022","4.507,00","4.528,00","4.539,00","4.447,50","71,38K","-0,09"
"15/02/2022","4.511,00","4.509,00","4.533,50","4.498,50","74,96K","0,38"
"14/02/2022","4.494,00","4.517,50","4.536,50","4.480,50","81,72K","-0,13"
"11/02/2022","4.500,00","4.543,00","4.556,00","4.506,50","82,95K","-0,31"
"10/02/2022","4.514,00","4.554,50","4.595,00","4.523,50","85,17K","-0,46"
"09/02/2022","4.535,00","4.552,00","4.588,50","4.531,00","68,13K","-0,04"
"08/02/2022","4.537,00","4.562,50","4.582,00","4.523,50","101,14K","-0,22"
"07/02/2022","4.547,00","4.581,00","4.592,00","4.529,00","76,29K","0,07"
"04/02/2022","4.544,00","4.552,50","4.601,50","4.536,00","86,94K","0,33"
"03/02/2022","4.529,00","4.509,50","4.586,00","4.485,50","69,16K","0,73"
"02/02/2022","4.496,00","4.496,50","4.545,00","4.492,50","48,88K","0,27"
"01/02/2022","4.484,00","4.484,50","4.519,00","4.467,50","54,04K","0,20"
"31/01/2022","4.475,00","4.455,00","4.510,00","4.438,50","56,52K","0,95"
"28/01/2022","4.433,00","4.446,00","4.478,00","4.422,50","62,59K","0,00"
"27/01/2022","4.433,00","4.481,00","4.481,50","4.435,50","68,88K","-0,67"
"26/01/2022","4.463,00","4.503,50","4.521,50","4.469,00","63,27K","-0,51"
"25/01/2022","4.486,00","4.520,00","4.541,00","4.476,50","73,27K","-0,51"
"24/01/2022","4.509,00","4.527,00","4.543,00","4.488,00","94,20K","0,16"
"21/01/2022","4.502,00","4.511,00","4.555,00","4.469,50","70,65K","0,11"
"20/01/2022","4.497,00","4.526,00","4.556,50","4.499,50","74,65K","-0,40"
"19/01/2022","4.515,00","4.517,00","4.551,50","4.498,50","88,48K","0,18"
"18/01/2022","4.507,00","4.542,50","4.556,50","4.496,00","102,74K","-0,31"
"17/01/2022","4.521,00","4.547,50","4.554,50","4.520,50","60,95K","-0,20"
"14/01/2022","4.530,00","4.563,00","4.573,50","4.506,00","64,33K","-0,24"
"13/01/2022","4.541,00","4.546,00","4.573,00","4.517,00","59,99K","0,58"
"12/01/2022","4.515,00","4.515,50","4.558,00","4.489,00","61,08K","0,69"
"11/01/2022","4.484,00","4.502,00","4.525,00","4.467,50","59,02K","0,25"
"10/01/2022","4.473,00","4.490,50","4.516,50","4.464,50","55,70K","-0,31"
"07/01/2022","4.487,00","4.492,00","4.519,50","4.466,50","45,22K","0,47"
"06/01/2022","4.466,00","4.495,50","4.507,50","4.453,00","67,64K","0,02"
"05/01/2022","4.465,00","4.485,00","4.509,00","4.459,00","46,21K","0,25"
"04/01/2022","4.454,00","4.487,50","4.500,50","4.446,00","48,71K","0,00"
"03/01/2022","4.454,00","4.510,50","4.529,00","4.464,50","34,55K","-1,30"
"31/12/2021","4.512,50","4.496,00","4.529,50","4.483,00","26,80K","0,36"
"30/12/2021","4.496,50","4.506,00","4.516,50","4.459,50","38,45K","-0,21"
"29/12/2021","4.506,00","4.496,00","4.523,50","4.464,00","43,06K","0,87"
"28/12/2021","4.467,00","4.505,50","4.514,50","4.464,00","44,52K","-0,27"
"27/12/2021","4.479,00","4.493,50","4.510,50","4.466,00","38,77K","-0,32"
"24/12/2021","4.493,50","4.494,00","4.507,00","4.468,00","47,99K","0,00"
"23/12/2021","4.493,50","4.493,00","4.514,50","4.456,00","58,69K","0,01"
"22/12/2021","4.493,00","4.483,00","4.514,00","4.465,00","63,30K","0,83"
"21/12/2021","4.456,00","4.480,00","4.491,00","4.399,00","74,72K","0,18"
"20/12/2021","4.448,00","4.460,50","4.490,50","4.445,50","80,59K","-0,26"
"17/12/2021","4.459,50","4.499,50","4.506,50","4.437,50","65,59K","-0,88"
"16/12/2021","4.499,00","4.484,50","4.513,00","4.447,00","68,60K","0,99"
"15/12/2021","4.455,00","4.468,00","4.493,00","4.451,00","102,49K","-0,29"
"14/12/2021","4.468,00","4.481,00","4.499,00","4.454,00","154,48K","0,45"
"13/12/2021","4.448,00","4.498,00","4.500,00","4.464,50","76,04K","-0,45"
"10/12/2021","4.468,00","4.491,00","4.511,50","4.455,00","89,56K","0,09"
"09/12/2021","4.464,00","4.506,00","4.510,50","4.455,50","82,20K","-0,22"
"08/12/2021","4.474,00","4.476,00","4.518,00","4.445,50","143,06K","0,68"
"07/12/2021","4.444,00","4.489,00","4.493,50","4.434,50","157,02K","-0,40"
"06/12/2021","4.462,00","4.493,00","4.509,00","4.456,50","94,18K","-0,27"
"03/12/2021","4.474,00","4.498,00","4.512,50","4.474,50","80,10K","-0,02"
"02/12/2021","4.475,00","4.505,00","4.537,50","4.477,50","86,58K","-0,16"
"01/12/2021","4.482,00","4.515,50","4.533,50","4.482,50","118,58K","-0,29"
"30/11/2021","4.495,00","4.501,50","4.537,50","4.474,50","129,11K","0,25"
"29/11/2021","4.484,00","4.505,00","4.511,50","4.459,50","85,76K","-0,24"
"26/11/2021","4.495,00","4.463,50","4.522,00","4.455,50","119,45K","1,17"
"25/11/2021","4.443,00","4.467,50","4.477,50","4.431,50","78,49K","-0,22"
"24/11/2021","4.453,00","4.481,50","4.485,00","4.428,00","82,72K","-0,22"
"23/11/2021","4.463,00","4.480,50","4.501,00","4.455,00","95,09K","-0,02"
"22/11/2021","4.464,00","4.494,50","4.517,00","4.459,50","130,87K","-0,65"
"19/11/2021","4.493,00","4.531,00","4.532,50","4.477,50","65,99K","-0,44"
"18/11/2021","4.513,00","4.509,50","4.543,00","4.490,00","103,39K","0,49"
"17/11/2021","4.491,00","4.507,00","4.524,00","4.473,50","85,76K","0,13"
"16/11/2021","4.485,00","4.526,00","4.540,50","4.488,50","76,76K","-0,42"
"15/11/2021","4.504,00","4.558,50","4.572,50","4.518,50","69,23K","-0,68"
"12/11/2021","4.535,00","4.552,00","4.577,00","4.522,50","68,60K","0,27"
"11/11/2021","4.523,00","4.564,50","4.566,50","4.523,50","53,79K","-0,24"
"10/11/2021","4.534,00","4.605,50","4.607,50","4.538,50","78,83K","-0,85"
"09/11/2021","4.573,00","4.603,00","4.614,00","4.556,50","59,71K","0,07"
"08/11/2021","4.570,00","4.592,50","4.614,50","4.573,00","69,67K","-0,49"
"05/11/2021","4.592,50","4.584,00","4.603,50","4.542,50","74,24K","0,19"
"04/11/2021","4.584,00","4.602,50","4.620,00","4.562,50","82,53K","-0,41"
"03/11/2021","4.603,00","4.603,50","4.621,50","4.557,00","85,56K","0,61"
"02/11/2021","4.575,00","4.618,00","4.622,50","4.567,00","76,81K","-0,37"
"01/11/2021","4.592,00","4.598,50","4.622,50","4.576,50","89,07K","0,37"
"29/10/2021","4.575,00","4.654,00","4.659,00","4.582,00","67,29K","-1,34"
"28/10/2021","4.637,00","4.622,00","4.660,00","4.572,50","77,32K","0,78"
"27/10/2021","4.601,00","4.616,00","4.630,50","4.573,50","59,74K","0,20"
"26/10/2021","4.592,00","4.617,00","4.630,00","4.563,50","53,10K","0,04"
"25/10/2021","4.590,00","4.598,00","4.643,00","4.547,00","64,52K","-0,75"
"22/10/2021","4.624,50","4.614,50","4.632,00","4.546,00","60,38K","0,22"
"21/10/2021","4.614,50","4.619,50","4.629,00","4.587,50","63,25K","-0,11"
"20/10/2021","4.619,50","4.612,50","4.629,00","4.561,00","59,50K","0,15"
"19/10/2021","4.612,50","4.602,00","4.634,50","4.568,00","55,39K","0,23"
"18/10/2021","4.602,00","4.605,00","4.612,50","4.543,50","80,86K","-0,10"
"15/10/2021","4.606,50","4.613,50","4.628,50","4.545,00","78,22K","0,47"
"14/10/2021","4.585,00","4.608,00","4.624,50","4.550,50","48,00K","0,13"
"13/10/2021","4.579,00","4.573,00","4.610,50","4.532,50","82,33K","0,13"
"12/10/2021","4.573,00","4.577,50","4.596,00","4.518,50","49,87K","-0,07"
"11/10/2021","4.576,00","4.533,50","4.590,00","4.509,00","62,29K","0,12"
"08/10/2021","4.570,50","4.568,50","4.577,50","4.492,00","56,35K","0,03"
"07/10/2021","4.569,00","4.568,00","4.581,00","4.507,00","59,44K","0,00"
"06/10/2021","4.569,00","4.589,50","4.590,50","4.491,00","69,17K","-0,40"
"05/10/2021","4.587,50","4.580,00","4.606,00","4.513,50","68,44K","0,56"
"04/10/2021","4.562,00","4.558,00","4.613,00","4.529,50","52,70K","-0,77"
"01/10/2021","4.597,50","4.601,00","4.606,50","4.536,00","52,11K","0,62"
"30/09/2021","4.569,00","4.603,50","4.614,00","4.531,50","73,95K","-0,76"
"29/09/2021","4.604,00","4.653,00","4.658,00","4.546,00","67,19K","-0,60"
"28/09/2021","4.632,00","4.642,00","4.669,00","4.591,50","74,87K","-0,22"
"27/09/2021","4.642,00","4.627,00","4.661,00","4.568,00","60,70K","0,32"
"24/09/2021","4.627,00","4.649,50","4.665,50","4.582,50","76,33K","-0,48"
"23/09/2021","4.649,50","4.635,00","4.654,50","4.571,50","71,95K","0,31"
"22/09/2021","4.635,00","4.646,50","4.662,00","4.556,00","74,94K","-0,24"
"21/09/2021","4.646,00","4.628,50","4.653,00","4.552,00","68,92K","0,36"
"20/09/2021","4.629,50","4.634,50","4.635,00","4.541,50","69,62K","-0,06"
"17/09/2021","4.632,50","4.631,50","4.651,50","4.552,00","67,36K","-0,01"
"16/09/2021","4.633,00","4.643,50","4.654,50","4.533,00","92,53K","-0,25"
"15/09/2021","4.644,50","4.634,00","4.650,50","4.541,00","68,03K","0,25"
"14/09/2021","4.633,00","4.640,00","4.649,50","4.545,00","70,24K","-0,13"
"13/09/2021","4.639,00","4.557,50","4.642,50","4.522,50","52,45K","0,19"
"10/09/2021","4.630,00","4.638,50","4.646,50","4.540,50","67,79K","-0,19"
"09/09/2021","4.639,00","4.635,50","4.645,50","4.544,50","61,55K","0,10"
"08/09/2021","4.634,50","4.649,50","4.653,50","4.542,00","80,29K","-0,31"
"07/09/2021","4.649,00","4.651,50","4.666,00","4.553,00","73,40K","-0,05"
"06/09/2021","4.651,50","4.659,50","4.661,50","4.547,00","50,19K","-0,21"
"03/09/2021","4.661,50","4.659,50","4.671,50","4.550,50","85,87K","0,03"
"02/09/2021","4.660,00","4.638,50","4.660,50","4.546,00","63,37K","0,47"
"01/09/2021","4.638,00","4.629,50","4.650,00","4.530,50","76,98K","0,19"
"31/08/2021","4.629,00","4.624,50","4.643,50","4.539,00","74,03K","0,10"
"30/08/2021","4.624,50","4.551,50","4.632,00","4.531,50","53,60K","0,08"
"27/08/2021","4.621,00","4.610,00","4.629,00","4.515,00","97,40K","0,24"
"26/08/2021","4.610,00","4.615,00","4.621,50","4.499,00","77,26K","-0,12"
"25/08/2021","4.615,50","4.607,50","4.616,50","4.485,50","78,19K","0,16"
"24/08/2021","4.608,00","4.606,00","4.614,00","4.503,00","49,01K","0,04"
"23/08/2021","4.606,00","4.511,50","4.608,50","4.478,50","56,48K","0,55"
"20/08/2021","4.581,00","4.562,00","4.590,00","4.457,00","61,19K","0,41"
"19/08/2021","4.562,50","4.580,50","4.588,00","4.451,00","78,38K","-0,41"
"18/08/2021","4.581,50","4.577,50","4.594,50","4.444,00","72,14K","0,10"
"17/08/2021","4.577,00","4.603,50","4.608,00","4.459,00","67,56K","-0,60"
"16/08/2021","4.604,50","4.515,50","4.612,00","4.464,00","68,30K","2,39"
"13/08/2021","4.497,00","4.582,50","4.611,00","4.476,00","61,78K","-1,89"
"12/08/2021","4.583,50","4.507,00","4.596,00","4.459,50","72,14K","1,70"
"11/08/2021","4.507,00","4.582,50","4.585,00","4.449,00","64,65K","-1,65"
"10/08/2021","4.582,50","4.493,00","4.590,50","4.459,50","110,60K","2,40"
"09/08/2021","4.475,00","4.502,50","4.597,50","4.474,50","75,86K","-0,20"
"06/08/2021","4.484,00","4.527,50","4.622,50","4.487,50","64,16K","-0,40"
"05/08/2021","4.502,00","4.521,50","4.633,50","4.498,00","77,74K","-0,02"
"04/08/2021","4.503,00","4.525,50","4.647,50","4.487,00","71,43K","-0,07"
"03/08/2021","4.506,00","4.515,50","4.531,50","4.493,00","57,13K","0,20"
"02/08/2021","4.497,00","4.527,50","4.540,50","4.499,00","46,16K","-0,33"
"30/07/2021","4.512,00","4.536,50","4.548,00","4.517,50","60,75K","-0,13"
"29/07/2021","4.518,00","4.521,50","4.541,50","4.497,00","80,62K","0,33"
"28/07/2021","4.503,00","4.510,50","4.526,00","4.465,00","93,68K","0,24"
"27/07/2021","4.492,00","4.505,50","4.533,00","4.471,50","64,68K","0,13"
"26/07/2021","4.486,00","4.488,50","4.521,50","4.455,50","49,63K","0,43"
"23/07/2021","4.467,00","4.484,50","4.509,50","4.449,00","72,96K","0,00"
"22/07/2021","4.467,00","4.517,50","4.555,00","4.463,00","61,51K","-0,73"
"21/07/2021","4.500,00","4.513,50","4.553,00","4.452,50","63,88K","0,11"
"20/07/2021","4.495,00","4.528,50","4.539,00","4.482,00","97,74K","-0,33"
"19/07/2021","4.510,00","4.612,00","4.623,00","4.474,50","77,83K","-2,21"
"16/07/2021","4.612,00","4.625,00","4.628,00","4.503,50","72,33K","-0,28"
"15/07/2021","4.625,00","4.498,00","4.634,50","4.470,00","76,45K","2,82"
"14/07/2021","4.498,00","4.461,00","4.521,00","4.441,50","53,49K","1,26"
"13/07/2021","4.442,00","4.476,50","4.484,50","4.423,00","57,98K","-0,34"
"12/07/2021","4.457,00","4.470,00","4.487,00","4.442,50","73,87K","0,09"
"09/07/2021","4.453,00","4.545,50","4.556,50","4.446,00","51,10K","-1,63"
"08/07/2021","4.527,00","4.557,50","4.579,00","4.412,00","59,01K","-0,26"
"07/07/2021","4.539,00","4.585,00","4.591,00","4.518,50","57,93K","-0,59"
"06/07/2021","4.566,00","4.656,00","4.693,50","4.524,00","90,72K","-1,93"
"05/07/2021","4.656,00","4.642,00","4.692,00","4.559,50","51,70K","0,67"
"02/07/2021","4.625,00","4.669,00","4.692,50","4.566,00","62,95K","-0,94"
"01/07/2021","4.669,00","4.682,50","4.703,00","4.600,00","54,19K","-0,27"
"30/06/2021","4.681,50","4.675,50","4.710,00","4.590,00","61,63K","0,13"
"29/06/2021","4.675,50","4.562,50","4.685,50","4.479,00","57,91K","2,48"
"28/06/2021","4.562,50","4.558,00","4.588,50","4.490,50","51,14K","0,63"
"25/06/2021","4.534,00","4.515,50","4.577,50","4.502,50","61,87K","0,82"
"24/06/2021","4.497,00","4.514,00","4.574,50","4.482,00","77,36K","0,04"
"23/06/2021","4.495,00","4.518,50","4.538,00","4.478,50","64,09K","-0,11"
"22/06/2021","4.500,00","4.500,50","4.523,50","4.468,50","76,90K","0,40"
"21/06/2021","4.482,00","4.496,50","4.512,00","4.457,00","107,11K","0,13"
"18/06/2021","4.476,00","4.500,50","4.507,50","4.467,50","101,80K","-0,13"
"17/06/2021","4.482,00","4.533,50","4.537,50","4.464,50","88,26K","-0,73"
"16/06/2021","4.515,00","4.607,00","4.614,50","4.532,50","79,84K","-1,40"
"15/06/2021","4.579,00","4.604,00","4.626,50","4.536,50","61,75K","-0,13"
"14/06/2021","4.585,00","4.601,00","4.735,50","4.569,50","49,64K","0,09"
"11/06/2021","4.581,00","4.608,00","4.618,50","4.573,00","79,65K","-0,20"
"10/06/2021","4.590,00","4.598,00","4.618,00","4.574,00","77,83K","-0,17"
"09/06/2021","4.598,00","4.594,00","4.627,00","4.577,00","58,07K","0,50"
"08/06/2021","4.575,00","4.599,50","4.607,50","4.578,50","58,84K","-0,13"
"07/06/2021","4.581,00","4.592,00","4.605,00","4.571,50","47,65K","0,20"
"04/06/2021","4.572,00","4.572,00","4.603,00","4.528,50","63,15K","0,44"
"03/06/2021","4.552,00","4.605,50","4.612,00","4.549,50","59,71K","-0,76"
"02/06/2021","4.587,00","4.604,00","4.609,00","4.557,50","67,06K","0,07"
"01/06/2021","4.584,00","4.613,00","4.620,00","4.564,00","73,70K","-0,22"
"31/05/2021","4.594,00","4.576,00","4.615,00","4.564,50","75,23K","0,81"
"28/05/2021","4.557,00","4.576,50","4.590,00","4.537,50","62,98K","-0,02"
"27/05/2021","4.558,00","4.576,00","4.593,00","4.545,00","87,53K","0,02"
"26/05/2021","4.557,00","4.606,00","4.611,50","4.547,50","81,38K","-0,65"
"25/05/2021","4.587,00","4.592,00","4.621,00","4.557,00","94,48K","0,31"
"24/05/2021","4.573,00","4.576,50","4.608,00","4.567,00","89,87K","0,64"
"21/05/2021","4.544,00","4.599,50","4.604,00","4.551,50","98,58K","-0,79"
"20/05/2021","4.580,00","4.572,00","4.617,50","4.445,50","101,37K","0,57"
"19/05/2021","4.554,00","4.594,50","4.607,00","4.536,50","97,68K","-0,35"
"18/05/2021","4.570,00","4.569,00","4.602,00","4.554,00","90,32K","0,57"
"17/05/2021","4.544,00","4.568,00","4.581,00","4.542,00","84,69K","-0,11"
"14/05/2021","4.549,00","4.538,00","4.571,50","4.525,00","76,11K","0,66"
"13/05/2021","4.519,00","4.546,00","4.562,00","4.519,50","98,87K","-0,20"
"12/05/2021","4.528,00","4.568,00","4.584,00","4.508,50","102,15K","-0,46"
"11/05/2021","4.549,00","4.561,00","4.603,00","4.545,00","118,09K","0,13"
"10/05/2021","4.543,00","4.591,00","4.607,00","4.544,00","110,42K","-0,85"
"07/05/2021","4.582,00","4.558,00","4.604,00","4.516,00","89,22K","0,95"
"06/05/2021","4.539,00","4.522,50","4.564,50","4.506,50","108,35K","0,89"
"05/05/2021","4.499,00","4.564,00","4.574,00","4.497,50","121,96K","-1,03"
"04/05/2021","4.546,00","4.583,00","4.584,00","4.492,00","116,21K","-0,39"
"03/05/2021","4.564,00","4.571,00","4.588,00","4.504,00","68,50K","0,35"
"30/04/2021","4.548,00","4.615,00","4.617,50","4.526,50","94,20K","-1,04"
"29/04/2021","4.596,00","4.606,00","4.621,50","4.549,00","104,15K","0,20"
"28/04/2021","4.587,00","4.573,50","4.616,00","4.551,00","87,07K","0,72"
"27/04/2021","4.554,00","4.569,00","4.589,00","4.534,50","117,39K","0,09"
"26/04/2021","4.550,00","4.574,00","4.585,50","4.536,00","94,17K","-0,18"
"23/04/2021","4.558,00","4.506,00","4.585,00","4.504,50","94,71K","1,15"
"22/04/2021","4.506,00","4.579,50","4.592,00","4.498,50","114,08K","-1,10"
"21/04/2021","4.556,00","4.541,00","4.584,50","4.518,50","116,34K","0,77"
"20/04/2021","4.521,00","4.540,50","4.576,50","4.513,00","109,17K","0,00"
"19/04/2021","4.521,00","4.551,50","4.579,00","4.494,50","82,30K","-0,26"
"16/04/2021","4.533,00","4.545,00","4.562,00","4.476,50","107,31K","0,15"
"15/04/2021","4.526,00","4.544,00","4.551,50","4.504,50","127,74K","0,02"
"14/04/2021","4.525,00","4.555,00","4.565,50","4.506,50","108,57K","-0,26"
"13/04/2021","4.537,00","4.541,00","4.558,50","4.481,50","104,22K","0,33"
"12/04/2021","4.522,00","4.528,50","4.549,50","4.504,00","97,88K","0,16"
"09/04/2021","4.515,00","4.537,00","4.543,00","4.501,00","83,41K","-0,09"
"08/04/2021","4.519,00","4.522,50","4.548,00","4.499,50","87,08K","0,29"
"07/04/2021","4.506,00","4.524,50","4.541,50","4.501,00","105,53K","-0,02"
"06/04/2021","4.507,00","4.501,50","4.525,50","4.479,50","81,86K","0,56"
"05/04/2021","4.482,00","4.481,00","4.507,00","4.466,50","39,44K","0,40"
"02/04/2021","4.464,00","4.487,00","4.492,00","4.448,00","46,86K","-0,11"
"01/04/2021","4.469,00","4.454,50","4.488,50","4.436,50","114,07K","0,74"
"31/03/2021","4.436,00","4.458,00","4.471,00","4.405,50","109,18K","-0,09"
"30/03/2021","4.440,00","4.476,50","4.480,00","4.394,00","73,54K","-0,40"
"29/03/2021","4.458,00","4.464,50","4.486,50","4.451,00","84,20K","0,27"
"26/03/2021","4.446,00","4.458,50","4.490,00","4.442,00","101,89K","-0,29"
"25/03/2021","4.459,00","4.466,50","4.494,50","4.433,00","109,85K","0,22"
"24/03/2021","4.449,00","4.493,50","4.502,50","4.448,50","124,63K","-0,34"
"23/03/2021","4.464,00","4.532,50","4.535,50","4.453,50","94,59K","-1,13"
"22/03/2021","4.515,00","4.504,50","4.539,50","4.484,50","99,75K","0,60"
"19/03/2021","4.488,00","4.508,50","4.521,50","4.464,00","108,45K","-0,07"
"18/03/2021","4.491,00","4.546,50","4.550,50","4.478,00","98,78K","-0,82"
"17/03/2021","4.528,00","4.518,50","4.548,50","4.474,50","101,59K","0,67"
"16/03/2021","4.498,00","4.491,50","4.530,50","4.473,00","96,90K","0,83"
"15/03/2021","4.461,00","4.539,50","4.545,50","4.472,50","96,82K","-0,95"
"12/03/2021","4.504,00","4.528,00","4.543,50","4.484,00","107,54K","-0,16"
"11/03/2021","4.511,00","4.496,00","4.531,00","4.488,00","104,74K","0,76"
"10/03/2021","4.477,00","4.495,50","4.519,50","4.450,50","111,88K","0,25"
"09/03/2021","4.466,00","4.479,50","4.537,00","4.465,00","127,78K","0,13"
"08/03/2021","4.460,00","4.480,00","4.510,00","4.444,00","119,41K","0,00"
"05/03/2021","4.460,00","4.500,00","4.521,50","4.440,00","121,61K","-0,89"
"04/03/2021","4.500,00","4.533,00","4.545,00","4.475,00","130,08K","-0,31"
"03/03/2021","4.514,00","4.543,50","4.552,00","4.413,50","125,23K","-0,24"
"02/03/2021","4.525,00","4.542,50","4.551,50","4.472,50","117,20K","0,15"
"01/03/2021","4.518,00","4.539,00","4.554,00","4.492,00","138,92K","-0,02"
"26/02/2021","4.519,00","4.551,00","4.569,00","4.497,50","158,35K","-0,31"
"25/02/2021","4.533,00","4.587,50","4.615,50","4.540,50","179,33K","-0,77"
"24/02/2021","4.568,00","4.598,50","4.608,00","4.523,50","130,69K","-0,26"
"23/02/2021","4.580,00","4.601,00","4.624,50","4.526,50","149,86K","-0,45"
"22/02/2021","4.600,50","4.562,00","4.623,50","4.546,00","111,61K","0,71"
"19/02/2021","4.568,00","4.558,00","4.594,00","4.532,00","128,50K","0,64"
"18/02/2021","4.539,00","4.525,50","4.573,50","4.487,00","126,84K","0,71"
"17/02/2021","4.507,00","4.521,50","4.531,50","4.413,50","134,26K","0,09"
"16/02/2021","4.503,00","4.523,00","4.571,00","4.430,00","124,01K","-0,04"
"15/02/2021","4.505,00","4.595,00","4.603,00","4.502,00","86,11K","-1,53"
"12/02/2021","4.575,00","4.597,00","4.601,50","4.553,50","96,62K","-0,07"
"11/02/2021","4.578,00","4.593,00","4.606,00","4.512,50","103,51K","0,09"
"10/02/2021","4.574,00","4.593,00","4.603,00","4.495,00","125,17K","0,00"
"09/02/2021","4.574,00","4.566,50","4.596,00","4.466,00","134,14K","0,57"
"08/02/2021","4.548,00","4.564,00","4.573,00","4.439,00","150,90K","0,04"
"05/02/2021","4.546,00","4.534,50","4.583,00","4.452,50","106,03K","0,66"
"04/02/2021","4.516,00","4.561,50","4.564,50","4.465,50","116,54K","-0,59"
"03/02/2021","4.543,00","4.564,50","4.567,50","4.502,50","140,68K","-0,07"
"02/02/2021","4.546,00","4.570,50","4.581,50","4.497,50","165,37K","-0,15"
"01/02/2021","4.553,00","4.595,00","4.611,50","4.554,00","150,25K","-0,22"
"29/01/2021","4.563,00","4.594,50","4.634,00","4.580,00","181,16K","-0,28"
"28/01/2021","4.576,00","4.590,00","4.620,00","4.571,00","194,49K","0,09"
"27/01/2021","4.572,00","4.609,50","4.621,50","4.566,00","149,67K","-0,39"
"26/01/2021","4.590,00","4.572,00","4.639,00","4.557,50","110,14K","0,79"
"25/01/2021","4.554,00","4.584,00","4.619,50","4.546,50","109,60K","-0,24"
"22/01/2021","4.565,00","4.629,00","4.655,00","4.552,00","108,32K","-0,98"
"21/01/2021","4.610,00","4.585,00","4.641,00","4.584,00","118,96K","0,96"
"20/01/2021","4.566,00","4.588,50","4.614,50","4.548,00","111,50K","-0,07"
"19/01/2021","4.569,00","4.566,00","4.626,00","4.547,00","98,76K","0,48"
"18/01/2021","4.547,00","4.562,00","4.585,50","4.536,50","91,55K","0,13"
"15/01/2021","4.541,00","4.577,00","4.609,50","4.533,50","105,03K","-0,39"
"14/01/2021","4.559,00","4.580,00","4.630,50","4.539,50","100,50K","-0,07"
"13/01/2021","4.562,00","4.626,00","4.645,50","4.551,50","103,17K","-0,98"
"12/01/2021","4.607,00","4.748,50","4.759,00","4.584,50","117,98K","-2,97"
"11/01/2021","4.748,00","4.629,50","4.764,50","4.578,50","123,80K","2,95"
"08/01/2021","4.612,00","4.651,00","4.674,50","4.605,00","99,68K","-0,41"
"07/01/2021","4.631,00","4.660,00","4.805,50","4.603,50","109,27K","-0,22"
"06/01/2021","4.641,00","4.711,50","4.730,50","4.612,50","109,25K","-1,11"
"05/01/2021","4.693,00","4.795,00","4.820,50","4.665,00","108,44K","-2,15"
"04/01/2021","4.796,00","4.785,50","4.829,00","4.694,00","101,55K","0,98"
"01/01/2021","4.749,50","4.779,50","4.794,50","4.676,00","0,88K","-0,63"
"31/12/2020","4.779,50","4.811,00","4.816,50","4.688,50","90,30K","-0,65"
"30/12/2020","4.811,00","4.799,00","4.822,50","4.690,50","105,80K","0,25"
"29/12/2020","4.799,00","4.777,00","4.814,00","4.677,50","99,59K","0,46"
"28/12/2020","4.777,00","4.673,00","4.789,50","4.647,50","78,43K","2,62"
"25/12/2020","4.655,00","4.762,50","4.766,50","4.659,00","14,67K","-2,25"
"24/12/2020","4.762,00","4.762,50","4.780,50","4.664,00","135,72K","-0,01"
"23/12/2020","4.762,50","4.598,00","4.779,00","4.393,50","198,49K","4,01"
"22/12/2020","4.579,00","4.426,00","4.647,00","4.415,50","179,42K","3,90"
"21/12/2020","4.407,00","4.425,50","4.614,00","4.385,00","162,45K","-0,11"
"18/12/2020","4.412,00","4.570,00","4.587,50","4.413,50","103,64K","-2,93"
"17/12/2020","4.545,00","4.540,00","4.572,00","4.410,50","118,84K","0,11"
"16/12/2020","4.540,00","4.526,50","4.545,00","4.436,00","141,79K","0,98"
"15/12/2020","4.496,00","4.800,50","4.818,50","4.520,50","121,02K","-5,98"
"14/12/2020","4.782,00","4.796,00","4.827,00","4.778,50","92,57K","0,25"
"11/12/2020","4.770,00","4.798,00","4.809,00","4.776,50","86,55K","-0,19"
"10/12/2020","4.779,00","4.776,50","4.801,50","4.498,00","94,90K","0,46"
"09/12/2020","4.757,00","4.785,00","4.807,50","4.767,00","134,05K","-0,19"
"08/12/2020","4.766,00","4.787,00","4.809,50","4.775,00","150,90K","-0,04"
"07/12/2020","4.768,00","4.794,50","4.817,50","4.763,50","130,85K","-0,10"
"04/12/2020","4.773,00","4.797,00","4.829,50","4.774,50","131,12K","0,02"
"03/12/2020","4.772,00","4.789,50","4.826,50","4.769,00","132,14K","0,04"
"02/12/2020","4.770,00","4.771,50","4.799,00","4.750,50","105,25K","0,36"
"01/12/2020","4.753,00","4.514,50","4.774,50","4.514,00","100,32K","5,26"
"30/11/2020","4.515,50","4.723,00","4.740,50","4.493,00","74,01K","-4,15"
"27/11/2020","4.711,00","4.656,00","4.743,00","4.541,00","72,70K","1,16"
"26/11/2020","4.657,00","4.661,00","4.736,50","4.533,00","79,35K","-0,06"
"25/11/2020","4.660,00","4.685,00","4.734,00","4.470,50","106,66K","-0,53"
"24/11/2020","4.685,00","4.646,50","4.721,00","4.571,50","97,22K","0,84"
"23/11/2020","4.646,00","4.685,50","4.726,00","4.553,00","86,70K","-0,12"
"20/11/2020","4.651,50","4.657,00","4.717,00","4.560,00","104,83K","-0,13"
"19/11/2020","4.657,50","4.643,50","4.715,50","4.544,50","115,22K","0,30"
"18/11/2020","4.643,50","4.673,50","4.726,50","4.549,00","130,33K","-0,64"
"17/11/2020","4.673,50","4.691,00","4.724,50","4.600,00","88,46K","-0,39"
"16/11/2020","4.692,00","4.667,00","4.716,00","4.624,00","85,09K","0,27"
"13/11/2020","4.679,50","4.665,50","4.698,50","4.590,00","118,78K","0,30"
"12/11/2020","4.665,50","4.648,00","4.691,50","4.585,00","137,74K","0,37"
"11/11/2020","4.648,50","4.647,50","4.696,00","4.559,00","143,20K","-0,02"
"10/11/2020","4.649,50","4.648,50","4.698,50","4.567,00","165,61K","0,02"
"09/11/2020","4.648,50","4.697,00","4.731,00","4.578,00","152,60K","-0,69"
"06/11/2020","4.681,00","4.662,00","4.718,50","4.583,50","134,63K","0,35"
"05/11/2020","4.664,50","4.633,50","4.702,00","4.575,50","125,49K","0,69"
"04/11/2020","4.632,50","4.635,00","4.663,50","4.545,50","144,96K","-0,04"
"03/11/2020","4.634,50","4.604,50","4.659,00","4.555,50","90,25K","0,66"
"02/11/2020","4.604,00","4.608,50","4.626,50","4.523,50","88,45K","0,33"
"30/10/2020","4.589,00","4.626,00","4.643,50","4.521,50","117,67K","-0,79"
"29/10/2020","4.625,50","4.669,00","4.674,00","4.558,00","149,55K","-0,29"
"28/10/2020","4.639,00","4.687,50","4.688,50","4.619,50","112,28K","-0,39"
"27/10/2020","4.657,00","4.654,50","4.705,00","4.630,50","88,50K","0,19"
"26/10/2020","4.648,00","4.681,50","4.682,50","4.602,50","85,36K","-0,04"
"23/10/2020","4.650,00","4.651,50","4.683,00","4.619,00","99,87K","0,19"
"22/10/2020","4.641,00","4.668,00","4.684,00","4.615,00","93,51K","-0,28"
"21/10/2020","4.654,00","4.659,50","4.691,00","4.651,50","103,45K","0,00"
"20/10/2020","4.654,00","4.628,50","4.681,50","4.625,50","82,20K","0,91"
"19/10/2020","4.612,00","4.624,50","4.664,50","4.602,00","79,78K","0,41"
"16/10/2020","4.593,00","4.586,50","4.637,50","4.564,50","101,25K","0,22"
"15/10/2020","4.583,00","4.600,50","4.616,50","4.554,00","94,93K","-0,26"
"14/10/2020","4.595,00","4.592,50","4.631,00","4.573,00","103,29K","0,33"
"13/10/2020","4.580,00","4.601,00","4.628,50","4.561,00","110,41K","-0,33"
"12/10/2020","4.595,00","4.622,00","4.625,50","4.589,00","94,30K","-0,22"
"09/10/2020","4.605,00","4.583,00","4.638,50","4.557,00","80,71K","0,55"
"08/10/2020","4.580,00","4.578,50","4.617,00","4.552,50","123,88K","0,24"
"07/10/2020","4.569,00","4.565,50","4.605,00","4.561,50","111,58K","0,35"
"06/10/2020","4.553,00","4.592,00","4.619,50","4.552,50","117,52K","-0,78"
"05/10/2020","4.589,00","4.563,50","4.621,00","4.545,50","90,37K","0,70"
"02/10/2020","4.557,00","4.577,00","4.599,00","4.534,00","134,80K","-0,31"
"01/10/2020","4.571,00","4.561,00","4.611,50","4.546,00","125,45K","0,46"
"30/09/2020","4.550,00","4.572,50","4.602,00","4.536,00","99,06K","-0,33"
"29/09/2020","4.565,00","4.534,00","4.585,50","4.524,50","84,67K","1,06"
"28/09/2020","4.517,00","4.525,50","4.555,50","4.503,00","68,13K","0,29"
"25/09/2020","4.504,00","4.528,00","4.541,00","4.485,00","111,52K","-0,02"
"24/09/2020","4.505,00","4.525,00","4.543,50","4.479,50","138,89K","0,07"
"23/09/2020","4.502,00","4.550,00","4.558,50","4.487,50","140,22K","-0,68"
"22/09/2020","4.533,00","4.567,00","4.574,50","4.510,00","127,95K","-0,22"
"21/09/2020","4.543,00","4.554,50","4.601,50","4.511,50","139,69K","-0,18"
"18/09/2020","4.551,00","4.588,50","4.597,00","4.534,50","102,84K","-0,09"
"17/09/2020","4.555,00","4.567,00","4.591,50","4.508,50","122,04K","-0,26"
"16/09/2020","4.567,00","4.578,50","4.594,00","4.519,00","100,49K","-0,23"
"15/09/2020","4.577,50","4.594,50","4.607,50","4.520,00","75,36K","-0,36"
"14/09/2020","4.594,00","4.567,50","4.604,00","4.529,50","66,88K","0,33"
"11/09/2020","4.579,00","4.560,00","4.593,50","4.521,50","85,91K","0,39"
"10/09/2020","4.561,00","4.555,00","4.612,00","4.507,00","97,79K","0,11"
"09/09/2020","4.556,00","4.547,50","4.578,50","4.503,50","108,58K","0,22"
"08/09/2020","4.546,00","4.553,00","4.563,50","4.483,00","109,43K","-0,16"
"07/09/2020","4.553,50","4.520,50","4.566,50","4.497,50","73,25K","-0,20"
"04/09/2020","4.562,50","4.563,50","4.572,00","4.491,50","100,32K","-0,02"
"03/09/2020","4.563,50","4.550,50","4.571,00","4.474,00","107,20K","0,26"
"02/09/2020","4.551,50","4.568,00","4.596,00","4.472,00","103,72K","-0,36"
"01/09/2020","4.568,00","4.600,00","4.626,50","4.504,50","104,98K","-0,70"
"31/08/2020","4.600,00","4.549,50","4.612,00","4.537,50","87,66K","0,28"
"28/08/2020","4.587,00","4.554,50","4.593,00","4.516,50","97,24K","0,71"
"27/08/2020","4.554,50","4.558,00","4.585,00","4.484,50","106,23K","-0,07"
"26/08/2020","4.557,50","4.556,50","4.561,00","4.479,00","100,92K","0,02"
"25/08/2020","4.556,50","4.538,50","4.560,50","4.476,50","100,64K","0,43"
"24/08/2020","4.537,00","4.483,50","4.560,50","4.467,00","86,81K","-0,07"
"21/08/2020","4.540,00","4.557,00","4.568,00","4.452,50","99,22K","-0,39"
"20/08/2020","4.558,00","4.540,50","4.561,00","4.459,50","114,60K","0,41"
"19/08/2020","4.539,50","4.541,50","4.598,00","4.432,50","110,76K","0,36"
"18/08/2020","4.523,00","4.567,00","4.598,00","4.482,00","105,36K","-0,96"
"17/08/2020","4.567,00","4.530,50","4.578,50","4.472,50","86,92K","0,35"
"14/08/2020","4.551,00","4.555,00","4.569,50","4.476,00","79,40K","-0,07"
"13/08/2020","4.554,00","4.540,50","4.575,00","4.467,50","94,64K","0,31"
"12/08/2020","4.540,00","4.517,00","4.552,00","4.446,50","82,37K","0,51"
"11/08/2020","4.517,00","4.516,00","4.543,50","4.443,00","103,10K","0,01"
"10/08/2020","4.516,50","4.530,50","4.540,00","4.438,00","88,14K","-0,31"
"07/08/2020","4.530,50","4.555,00","4.576,00","4.439,50","103,46K","-0,53"
"06/08/2020","4.554,50","4.564,50","4.585,00","4.462,00","121,88K","-0,21"
"05/08/2020","4.564,00","4.544,00","4.584,00","4.487,50","107,18K","0,44"
"04/08/2020","4.544,00","4.526,50","4.546,00","4.468,00","91,15K","0,41"
"03/08/2020","4.525,50","4.499,50","4.542,50","4.443,50","97,54K","0,11"
"31/07/2020","4.520,50","4.549,50","4.584,50","4.477,50","112,55K","-0,64"
"30/07/2020","4.549,50","4.508,00","4.572,00","4.448,50","120,40K","1,62"
"29/07/2020","4.477,00","4.511,50","4.543,50","4.446,00","100,26K","-0,74"
"28/07/2020","4.510,50","4.526,00","4.534,50","4.433,50","103,97K","-0,33"
"27/07/2020","4.525,50","4.447,50","4.537,00","4.432,00","102,48K","0,81"
"24/07/2020","4.489,00","4.468,00","4.490,50","4.399,00","108,68K","0,48"
"23/07/2020","4.467,50","4.459,50","4.479,50","4.387,50","103,10K","0,22"
"22/07/2020","4.457,50","4.444,50","4.479,00","4.379,50","100,26K","0,29"
"21/07/2020","4.444,50","4.421,50","4.454,50","4.344,00","92,36K","0,53"
"20/07/2020","4.421,00","4.403,00","4.433,50","4.350,50","91,97K","0,06"
"17/07/2020","4.418,50","4.400,00","4.428,50","4.355,00","105,96K","0,42"
"16/07/2020","4.400,00","4.413,00","4.426,50","4.344,00","119,15K","-0,31"
"15/07/2020","4.413,50","4.410,00","4.429,00","4.354,50","115,39K","0,08"
"14/07/2020","4.410,00","4.384,00","4.419,00","4.346,50","123,26K","0,57"
"13/07/2020","4.385,00","4.370,00","4.402,50","4.338,50","95,10K","0,33"
"10/07/2020","4.370,50","4.363,50","4.385,00","4.317,00","93,69K","0,14"
"09/07/2020","4.364,50","4.387,00","4.403,50","4.312,00","104,23K","0,20"
"08/07/2020","4.356,00","4.363,50","4.399,00","4.326,00","116,01K","-0,17"
"07/07/2020","4.363,50","4.371,00","4.390,00","4.320,50","120,21K","-0,17"
"06/07/2020","4.371,00","4.351,50","4.395,50","4.324,00","93,28K","0,40"
"03/07/2020","4.353,50","4.348,50","4.362,00","4.302,50","117,61K","0,52"
"02/07/2020","4.331,00","4.351,50","4.381,50","4.311,00","110,59K","-0,47"
"01/07/2020","4.351,50","4.348,50","4.372,00","4.305,00","99,57K","0,06"
"30/06/2020","4.349,00","4.352,50","4.364,50","4.298,50","126,94K","-0,08"
"29/06/2020","4.352,50","4.343,50","4.384,00","4.310,50","121,30K","0,21"
"26/06/2020","4.343,50","4.344,00","4.357,00","4.311,50","119,05K","0,02"
"25/06/2020","4.342,50","4.357,00","4.362,00","4.288,50","131,25K","0,38"
"24/06/2020","4.326,00","4.378,50","4.388,50","4.313,50","122,34K","-0,46"
"23/06/2020","4.346,00","4.358,50","4.401,00","4.321,00","132,61K","0,12"
"22/06/2020","4.341,00","4.317,50","4.370,00","4.287,00","109,71K","1,17"
"19/06/2020","4.291,00","4.317,50","4.340,00","4.275,50","123,56K","-0,19"
"18/06/2020","4.299,00","4.320,50","4.345,00","4.284,00","126,72K","-0,30"
"17/06/2020","4.312,00","4.324,00","4.349,00","4.285,00","138,37K","0,02"
"16/06/2020","4.311,00","4.340,00","4.369,50","4.290,00","121,74K","-0,23"
"15/06/2020","4.321,00","4.311,00","4.360,50","4.281,50","128,21K","0,51"
"12/06/2020","4.299,00","4.322,00","4.362,00","4.266,00","120,18K","0,14"
"11/06/2020","4.293,00","4.333,00","4.364,00","4.276,50","145,04K","-0,91"
"10/06/2020","4.332,50","4.323,00","4.363,00","4.262,50","122,10K","0,25"
"09/06/2020","4.321,50","4.304,00","4.337,50","4.245,50","120,70K","0,43"
"08/06/2020","4.303,00","4.242,00","4.313,00","4.207,50","92,92K","0,40"
"05/06/2020","4.286,00","4.287,50","4.324,50","4.209,00","119,98K","-0,03"
"04/06/2020","4.287,50","4.269,50","4.324,00","4.203,50","125,24K","0,42"
"03/06/2020","4.269,50","4.246,50","4.285,50","4.201,50","137,83K","0,54"
"02/06/2020","4.246,50","4.242,50","4.271,00","4.194,00","130,06K","0,13"
"01/06/2020","4.241,00","4.212,00","4.255,00","4.193,00","104,77K","0,15"
"29/05/2020","4.234,50","4.223,00","4.252,00","4.176,00","120,97K","0,27"
"28/05/2020","4.223,00","4.206,50","4.235,50","4.163,50","122,88K","1,13"
"27/05/2020","4.176,00","4.196,00","4.221,00","4.158,50","124,89K","-0,05"
"26/05/2020","4.178,00","4.166,00","4.208,00","4.143,00","101,10K","1,04"
"25/05/2020","4.135,00","4.165,50","4.178,00","4.142,00","65,67K","-0,05"
"22/05/2020","4.137,00","4.177,00","4.193,00","4.124,50","119,48K","-0,98"
"21/05/2020","4.178,00","4.189,00","4.215,50","4.161,50","110,13K","-0,25"
"20/05/2020","4.188,50","4.195,00","4.217,00","4.171,00","118,76K","0,30"
"19/05/2020","4.176,00","4.179,00","4.207,50","4.144,00","112,55K","0,48"
"18/05/2020","4.156,00","4.149,50","4.199,00","4.123,00","90,63K","0,97"
"15/05/2020","4.116,00","4.138,50","4.163,00","4.101,00","98,51K","-0,02"
"14/05/2020","4.117,00","4.129,50","4.152,00","4.091,00","115,65K","-0,30"
"13/05/2020","4.129,50","4.155,50","4.178,00","4.112,50","120,01K","-0,11"
"12/05/2020","4.134,00","4.139,00","4.174,00","4.109,00","125,48K","0,41"
"11/05/2020","4.117,00","4.135,00","4.154,50","4.093,50","97,35K","-0,05"
"08/05/2020","4.119,00","4.135,00","4.154,50","4.089,50","105,07K","0,00"
"07/05/2020","4.119,00","4.111,00","4.145,00","4.029,00","109,28K","0,19"
"06/05/2020","4.111,00","4.127,00","4.139,00","4.074,50","106,09K","0,05"
"05/05/2020","4.109,00","4.167,50","4.175,00","4.090,50","100,97K","-1,42"
"04/05/2020","4.168,00","4.187,00","4.195,50","4.110,50","88,23K","-0,05"
"01/05/2020","4.170,00","4.165,00","4.211,50","4.123,00","92,29K","0,12"
"30/04/2020","4.165,00","4.122,00","4.194,50","4.078,50","122,85K","1,26"
"29/04/2020","4.113,00","4.106,00","4.167,50","4.074,50","132,10K","0,32"
"28/04/2020","4.100,00","4.112,50","4.154,50","4.077,50","133,56K","-0,22"
"27/04/2020","4.109,00","4.116,50","4.148,00","4.072,50","113,96K","0,07"
"24/04/2020","4.106,00","4.098,00","4.133,00","4.049,50","120,57K","0,20"
"23/04/2020","4.098,00","4.105,50","4.134,50","4.043,50","121,68K","0,02"
"22/04/2020","4.097,00","4.111,50","4.141,50","4.073,50","115,74K","0,00"
"21/04/2020","4.097,00","4.109,00","4.135,50","4.068,50","122,10K","0,15"
"20/04/2020","4.091,00","4.111,00","4.133,00","4.061,00","114,87K","0,27"
"17/04/2020","4.080,00","4.093,50","4.130,50","4.050,50","130,14K","0,25"
"16/04/2020","4.070,00","4.123,00","4.132,00","4.050,50","130,00K","-0,68"
"15/04/2020","4.098,00","4.140,00","4.151,50","4.064,50","112,64K","-1,01"
"14/04/2020","4.140,00","4.109,00","4.152,00","4.088,00","111,80K","0,75"
"13/04/2020","4.109,00","4.132,00","4.144,00","4.094,00","63,01K","-0,19"
"10/04/2020","4.117,00","4.115,00","4.140,50","4.094,50","62,86K","0,05"
"09/04/2020","4.115,00","4.102,00","4.140,00","4.073,50","117,54K","0,88"
"08/04/2020","4.079,00","4.104,00","4.121,00","4.062,00","129,41K","-0,61"
"07/04/2020","4.104,00","4.074,50","4.129,50","4.068,00","140,88K","1,41"
"06/04/2020","4.047,00","4.049,50","4.098,50","4.031,00","115,74K","-0,07"
"03/04/2020","4.050,00","4.095,50","4.120,00","4.044,50","115,78K","-1,11"
"02/04/2020","4.095,50","4.138,50","4.146,50","4.058,50","132,30K","-0,35"
"01/04/2020","4.110,00","4.149,00","4.170,00","4.075,00","128,69K","-0,94"
"31/03/2020","4.149,00","4.164,50","4.173,50","4.034,00","133,34K","-0,40"
"30/03/2020","4.165,50","4.179,50","4.200,00","4.056,50","121,14K","-0,43"
"27/03/2020","4.183,50","4.142,00","4.200,00","4.035,00","137,77K","1,01"
"26/03/2020","4.141,50","4.095,50","4.173,50","3.975,00","136,34K","1,11"
"25/03/2020","4.096,00","4.061,00","4.112,50","4.033,00","142,55K","0,86"
"24/03/2020","4.061,00","4.035,50","4.103,50","4.021,50","141,13K","0,64"
"23/03/2020","4.035,00","4.027,00","4.085,50","3.979,50","142,67K","0,21"
"20/03/2020","4.026,50","4.036,50","4.089,50","3.995,00","158,02K","0,44"
"19/03/2020","4.009,00","4.087,50","4.123,00","4.005,00","154,75K","-1,76"
"18/03/2020","4.081,00","4.106,00","4.124,50","4.008,50","143,04K","-0,17"
"17/03/2020","4.088,00","4.140,50","4.176,00","4.019,50","136,25K","-1,27"
"16/03/2020","4.140,50","4.095,50","4.172,50","4.051,00","140,37K","0,40"
"13/03/2020","4.124,00","4.139,50","4.156,50","4.053,00","151,12K","-0,37"
"12/03/2020","4.139,50","4.162,50","4.188,50","4.032,50","142,23K","-0,55"
"11/03/2020","4.162,50","4.163,00","4.201,50","4.080,50","137,41K","0,00"
"10/03/2020","4.162,50","4.215,00","4.228,00","4.089,50","131,35K","-1,27"
"09/03/2020","4.216,00","4.169,50","4.245,00","4.121,00","141,50K","1,16"
"06/03/2020","4.167,50","4.163,50","4.206,50","4.097,50","121,90K","0,10"
"05/03/2020","4.163,50","4.127,00","4.172,50","4.060,00","97,26K","0,88"
"04/03/2020","4.127,00","4.130,00","4.151,00","4.059,50","100,47K","-0,08"
"03/03/2020","4.130,50","4.130,50","4.161,50","4.051,50","112,69K","0,00"
"02/03/2020","4.130,50","4.086,00","4.162,50","4.036,00","113,31K","1,16"
"28/02/2020","4.083,00","4.098,00","4.122,00","4.015,50","103,54K","0,34"
"27/02/2020","4.069,00","4.059,50","4.107,00","3.975,00","97,20K","0,82"
"26/02/2020","4.036,00","4.061,50","4.081,00","3.973,50","97,69K","-0,15"
"25/02/2020","4.042,00","4.049,50","4.071,00","3.962,50","96,68K","0,35"
"24/02/2020","4.028,00","4.058,00","4.072,50","3.958,00","81,19K","-0,20"
"21/02/2020","4.036,00","4.031,00","4.082,50","3.940,50","73,55K","0,47"
"20/02/2020","4.017,00","4.028,50","4.052,50","3.947,00","80,43K","0,32"
"19/02/2020","4.004,00","4.019,50","4.048,00","3.943,50","80,30K","0,28"
"18/02/2020","3.993,00","4.037,00","4.054,00","3.957,00","79,99K","-0,40"
"17/02/2020","4.009,00","4.031,00","4.046,00","3.955,50","58,23K","0,05"
"14/02/2020","4.007,00","4.024,00","4.050,00","3.953,50","72,64K","0,00"
"13/02/2020","4.007,00","4.042,50","4.050,00","3.966,50","74,93K","-0,87"
"12/02/2020","4.042,00","4.055,00","4.061,00","3.972,50","72,20K","-0,32"
"11/02/2020","4.055,00","4.050,50","4.068,50","3.974,50","74,11K","0,11"
"10/02/2020","4.050,50","4.033,00","4.068,00","3.980,50","76,43K","-0,18"
"07/02/2020","4.058,00","4.066,50","4.073,00","3.986,50","69,97K","-0,18"
"06/02/2020","4.065,50","4.067,00","4.081,00","3.991,00","73,66K","-0,02"
"05/02/2020","4.066,50","4.082,50","4.085,50","3.999,00","73,18K","-0,39"
"04/02/2020","4.082,50","4.078,50","4.088,00","3.988,50","72,55K","0,10"
"03/02/2020","4.078,50","4.039,00","4.093,00","3.999,50","64,40K","1,38"
"31/01/2020","4.023,00","4.068,00","4.082,50","3.982,50","70,42K","-1,11"
"30/01/2020","4.068,00","4.060,00","4.077,50","3.975,50","73,18K","0,18"
"29/01/2020","4.060,50","4.070,00","4.075,00","3.969,50","67,82K","-0,23"
"28/01/2020","4.070,00","4.071,00","4.076,50","3.980,00","64,41K","-0,02"
"27/01/2020","4.071,00","4.035,00","4.082,00","3.993,00","67,56K","1,29"
"24/01/2020","4.019,00","4.073,50","4.090,50","3.997,50","57,23K","-1,34"
"23/01/2020","4.073,50","4.104,00","4.109,00","4.013,00","52,32K","-0,76"
"22/01/2020","4.104,50","4.081,50","4.115,50","4.018,00","62,29K","0,56"
"21/01/2020","4.081,50","4.085,50","4.138,00","4.030,50","61,08K","-0,10"
"20/01/2020","4.085,50","4.115,50","4.133,00","4.024,00","49,62K","-1,04"
"17/01/2020","4.128,50","4.136,00","4.147,00","4.056,50","52,66K","-0,18"
"16/01/2020","4.136,00","4.143,50","4.155,00","4.067,50","65,24K","-0,18"
"15/01/2020","4.143,50","4.131,50","4.154,00","4.062,50","74,61K","0,29"
"14/01/2020","4.131,50","4.138,00","4.147,50","4.055,00","76,49K","-0,16"
"13/01/2020","4.138,00","4.140,00","4.147,00","4.056,00","65,89K","-0,02"
"10/01/2020","4.139,00","4.131,00","4.141,50","4.040,50","64,35K","0,18"
"09/01/2020","4.131,50","4.120,00","4.140,50","4.041,00","72,32K","0,27"
"08/01/2020","4.120,50","4.132,50","4.139,00","4.041,50","88,63K","-0,31"
"07/01/2020","4.133,50","4.142,00","4.149,50","4.066,50","71,27K","-0,24"
"06/01/2020","4.143,50","4.078,50","4.146,00","4.047,00","59,69K","0,50"
"03/01/2020","4.123,00","4.122,50","4.129,50","4.012,00","57,28K","0,01"
"02/01/2020","4.122,50","4.138,00","4.144,00","4.052,50","45,15K","-0,37"
"01/01/2020","4.138,00","4.138,50","4.142,50","4.071,50","1,51K","0,00"